<?xml version="1.0" encoding="UTF-8"?>
<overrides>

    <requiredshortcut label="5" thumbnail="icons/settings.png" icon="icons/settings.png">ActivateWindow(1120)</requiredshortcut>

    <warn heading="$LOCALIZE[14117]" message="$LOCALIZE[31019]">ActivateWindow(1120)</warn>

    <thumbnailBrowseDefault>special://skin/media/icons/</thumbnailBrowseDefault>

    <icon labelID="plugin.video.amazon-test">icons/primevideo.png</icon>
    <icon labelID="plugin.audio.spotify">icons/spoyify.png</icon>
    <icon labelID="script.plexmod">icons/plex.png</icon>

    <contextmenu>
        <enableon>211</enableon>
        <item control="401">$ADDON[script.skinshortcuts 32048]</item>
        <item control="305">$ADDON[script.skinshortcuts 32025]</item>
        <item control="306">$ADDON[script.skinshortcuts 32026]</item>
        <item control="307">$ADDON[script.skinshortcuts 32027]</item>
        <item control="302">$ADDON[script.skinshortcuts 32001]</item>
    </contextmenu>

    <onclick id="211">SetFocus(300)</onclick>

    <widget label="Novelties" path="plugin://plugin.video.s4me/" target="video">s4me</widget>
    <widgetdefault defaultID="s4me">s4me</widgetdefault>

    <widget label="Recently Added Movies" path="videodb://recentlyaddedmovies/" target="video">shelfmovies</widget>
    <widgetdefault defaultID="movies">shelfmovies</widgetdefault>

    <widget label="Episodes" path="videodb://" target="video">shelfepisodes</widget>
    <widgetdefault defaultID="episodes">shelfepisodes</widgetdefault>

    <widget label="Tv Shows" path="videodb://tvshows/titles" target="video">shelftvshows</widget>
    <widgetdefault defaultID="tvshows">shelftvshows</widgetdefault>

    <widget label="Favourites" path="favourites://" target="video">shelffavs</widget>
    <widgetdefault defaultID="favourites">shelffavs</widgetdefault>

    <widget label="Recently Played Albums" path="musicdb://recentlyplayedalbums" target="music">shelfmusic</widget>
    <widgetdefault defaultID="music">shelfmusic</widgetdefault>

    <widget label="Recently Updated Apps" path="addons://" target="addons">shelfaddons</widget>
    <widgetdefault defaultID="addons">shelfaddons</widgetdefault>

    <widget label="Hubs" path="plugin://slyguy.disney.plus/?_=brands" target="video">shelfdisney</widget>
    <widgetdefault defaultID="disney">shelfdisney</widgetdefault>

    <widget label="Continue watching" path="plugin://plugin.video.netflix/directory/video_list/continueWatching/continueWatching/" target="video">shelfnetflix</widget>
    <widgetdefault defaultID="netflix">shelfnetflix</widgetdefault>

    <propertyfallback property="widgetPath">-</propertyfallback>
    <propertyfallback property="widgetName">FAST KODI</propertyfallback>

</overrides>
