<?xml version="1.0" encoding="UTF-8"?>
<window type="dialog" id="1118">
    <defaultcontrol always="true">900</defaultcontrol>
    <include>DialogOpenClose</include>
    <controls>
        <control type="group" description="choiceAddons">
            <include>DialogOpenCloseVisible</include>
            <control type="image" description="List back">
                <centerleft>960</centerleft>
                <centertop>540</centertop>
                <width>802</width>
                <height>450</height>
                <aspectratio>stretch</aspectratio>
                <texture border="50">images/ContextMenu.png</texture>
                <colordiffuse>dialog</colordiffuse>
            </control>
            <control type="grouplist" id="900">
                <centertop>540</centertop>
                <height>400</height>
                <align>center</align>
                <include>DialogGLs</include>
                <control type="button" id="699">
                    <include>DialogButt</include>
                    <label>1037</label>
                    <onclick>Close</onclick>
                    <onclick>ActivateWindow(Addonbrowser)</onclick>
                </control>
                <control type="button" id="700">
                    <include>DialogButt</include>
                    <label>1038</label>
                    <onclick>Close</onclick>
                    <onclick>ActivateWindow(Music,Addons,return)</onclick>
                </control>
                <control type="button" id="701">
                    <include>DialogButt</include>
                    <label>0</label>
                    <onclick>Close</onclick>
                    <onclick>ActivateWindow(Programs,addons://sources/executable/,return)</onclick>
                </control>
                <control type="button" id="702">
                    <include>DialogButt</include>
                    <label>222</label>
                    <onclick>Close</onclick>
                </control>
            </control>
        </control>
    </controls>
</window>
