<?xml version="1.0" encoding="UTF-8"?>
<window id="129">
  <defaultcontrol always="true">11</defaultcontrol>
  <allowoverlay>no</allowoverlay>
  <controls>
    <include>BlackBackground</include>
    <control type="group" description="Right panel">
      <control type="label" id="2" description="Heading">
        <left>0</left>
        <top>30</top>
        <width>1920</width>
        <font>size39B</font>
        <label></label>>
        <align>center</align>
      </control>
      <control type="image" description="line">
        <top>110</top>
        <height>1</height>
        <width>1920</width>
        <texture>images/line.png</texture>
      </control>
      <control type="grouplist" id="9001">
        <left>490</left>
        <top>150</top>
        <width>940</width>
        <itemgap>30</itemgap>
        <orientation>horizontal</orientation>
        <onleft>9001</onleft>
        <onright>9001</onright>
        <ondown>10</ondown>
        <align>center</align>
        <control type="button" id="11" description="Browse">
          <width>285</width>
          <label>1024</label>
        </control>
        <control type="button" id="13" description="Add">
          <width>285</width>
          <label>15019</label>
        </control>
        <control type="button" id="14" description="Remove">
          <width>285</width>
          <label>1210</label>
        </control>
      </control>
      <control type="list" id="10">
        <left>450</left>
        <top>260</top>
        <width>1020</width>
        <height>430</height>
        <onup>9001</onup>
        <onleft>noop</onleft>
        <onright>noop</onright>
        <ondown>12</ondown>
        <itemlayout height="80">
          <control type="image">
            <width>1020</width>
            <height>75</height>
          </control>
          <control type="label">
            <left>20</left>
            <aligny>center</aligny>
            <height>75</height>
            <width>1000</width>
            <textcolor>black</textcolor>
            <info>ListItem.Label</info>
          </control>
        </itemlayout>
        <focusedlayout height="80">
          <control type="image">
            <width>1020</width>
            <height>75</height>
            <texture border="8">images/White.png</texture>
            <animation effect="fade" start="100" end="50" condition="!Control.HasFocus(10)">Conditional</animation>
          </control>
          <control type="label" description="Path label">
            <left>20</left>
            <aligny>center</aligny>
            <height>75</height>
            <width>1000</width>
            <textcolor>black</textcolor>
            <info>ListItem.Label</info>
          </control>
        </focusedlayout>
      </control>
      <control type="label" id="0" description="Source Name Label">
        <left>490</left>
        <top>690</top>
        <width>940</width>
        <align>center</align>
        <label>1022</label>
      </control>
      <control type="edit" id="12" description="Source Name Button Field">
        <left>450</left>
        <top>765</top>
        <label></label>>
        <width>1020</width>
        <align>left</align>
        <textoffsetx>20</textoffsetx>
        <onup>10</onup>
        <onleft>18</onleft>
        <onright>19</onright>
        <ondown>1800</ondown>
      </control>
      <control type="grouplist" id="1800">
        <left>490</left>
        <top>890</top>
        <width>940</width>
        <onup>12</onup>
        <ondown>9001</ondown>
        <align>center</align>
        <itemgap>75</itemgap>
        <orientation>horizontal</orientation>
        <control type="button" id="18" description="OK">
          <width>300</width>
          <label>186</label>
          <onleft>20</onleft>
          <onright>19</onright>
        </control>
        <control type="button" id="19" description="Cancel">
          <width>300</width>
          <label>222</label>
          <onleft>18</onleft>
          <onright>20</onright>
        </control>
      </control>
    </control>
  </controls>
</window>
