<?xml version="1.0" encoding="UTF-8"?>
<window type="dialog" id="101">
  <defaultcontrol always="true">9000</defaultcontrol>
  <allowoverlay>no</allowoverlay>
  <include>DialogOpenClose</include>
  <controls>
    <control type="image">
      <left>270</left>
      <top>210</top>
      <width>1360</width>
      <height>740</height>
      <texture border="50">images/ContextMenu.png</texture>
      <colordiffuse>dialog</colordiffuse>
    </control>
    <control type="group">
      <left>480</left>
      <top>360</top>
      <control type="label" id="1" description="Heading">
        <width>960</width>
        <label></label>>
        <font>size28</font>
        <textcolor>darktext</textcolor>
        <align>center</align>
      </control>
      <control type="textbox" id="9" description="content">
        <top>75</top>
        <width>960</width>
        <height>145</height>
        <align>center</align>
        <textcolor>darktext</textcolor>
        <label></label>>
      </control>
      <control type="progress" id="20" description="Progressbar">
        <left>0</left>
        <top>261</top>
        <width>960</width>
        <height>9</height>
        <texturebg border="5,0,5,0">progress/ProgressBG.png</texturebg>
        <midtexture border="0,1,0,1">progress/ProgressM.png</midtexture>
        <righttexture border="1,1,5,1">progress/ProgressR.png</righttexture>
        <lefttexture border="5,1,1,1">progress/ProgressL.png</lefttexture>
        <info>System.Progressbar</info>
      </control>
      <control type="grouplist" id="9000">
        <top>330</top>
        <width>900</width>
        <height>90</height>
        <align>center</align>
        <itemgap>15</itemgap>
        <orientation>horizontal</orientation>
        <control type="button" id="11">
          <description>OK button</description>
          <width>280</width>
          <label>107</label>
          <align>center</align>
        </control>
        <control type="button" id="10">
          <description>Cancel button</description>
          <width>280</width>
          <label>106</label>
          <align>center</align>
        </control>
        <control type="button" id="12">
          <description>Custom button</description>
          <width>280</width>
          <label>106</label>
          <align>center</align>
        </control>
      </control>
    </control>
  </controls>
</window>
