<?xml version="1.0" encoding="UTF-8"?>
<includes>
    <include file="script-skinshortcuts-includes.xml"/>
    <include file="Includes_Expressions.xml" />
    <include file="Includes_Variables.xml" />
    <include file="Defaults.xml" />
    <include file="CommonViews.xml" />

    <include file="views/video_biglist.xml" />
    <include file="views/video_icons.xml" />
    <include file="views/video_banners.xml" />
    <include file="views/video_widelist.xml" />

    <include file="views/music_library.xml" />
    <include file="views/music_albums.xml" />
    <include file="views/music_artists.xml" />
    <include file="views/music_songs.xml" />

    <include file="views/Programviews.xml" />

    <include file="Includes_Home.xml" />
    <include file="Includes_Shelf.xml" />
    <include name="VisibleFade">
        <animation effect="fade" start="0" end="100" time="200">VisibleChange</animation>
    </include>
    <include name="OpenClose">
        <animation effect="fade" time="150">WindowOpen</animation>
        <animation effect="fade" time="150">WindowClose</animation>
    </include>
    <include name="HomeOpenClose">
        <animation type="WindowOpen" reversible="false">
            <effect type="fade" time="250" />
            <effect type="zoom" start="150" end="100" time="250" center="960,540" />
        </animation>
        <animation type="WindowClose" reversible="false">
            <effect type="fade" time="400" delay="100" />
            <effect type="zoom" end="150" time="400" center="960,540" delay="100" />
        </animation>
    </include>
    <include name="HomePanelOpenClose">
        <animation type="WindowOpen" reversible="false">
            <effect type="fade" time="250" />
            <effect type="zoom" start="140" end="100" time="250" center="960,540" />
        </animation>
        <animation type="WindowClose" reversible="false">
            <effect type="fade" time="300" delay="100" />
            <effect type="zoom" end="140" time="300" center="960,540"/>
        </animation>
    </include>
    <include name="DialogOpenClose">
        <animation type="WindowOpen">
            <effect type="fade" start="0" end="100" time="240" />
            <effect type="zoom" tween="cubic" easing="out" start="30" end="100" center="960,540" time="240" />
        </animation>
        <animation type="WindowClose">
            <effect type="fade" start="100" end="0" time="140" />
            <effect type="zoom" tween="cubic" easing="in" start="100" end="30" center="960,540" time="140" />
        </animation>
    </include>
    <include name="DialogOpenCloseVisible">
        <animation type="Visible">
            <effect type="fade" start="0" end="100" time="240" />
            <effect type="zoom" tween="cubic" easing="out" start="30" end="100" center="960,540" time="240" />
        </animation>
        <animation type="Hidden">
            <effect type="fade" start="100" end="0" time="140" />
            <effect type="zoom" tween="cubic" easing="in" start="100" end="30" center="960,540" time="140" />
        </animation>
    </include>
    <include name="Fanart_Fade">
        <fadetime>320</fadetime>
        <animation effect="fade" time="320">Visible</animation>
        <animation effect="fade" time="280">Hidden</animation>
    </include>
    <include name="Icon_Fade">
        <fadetime>200</fadetime>
        <animation effect="fade" time="200">Visible</animation>
        <animation effect="fade" time="100">Hidden</animation>
    </include>
    <include name="HiddenButton">
        <left>-30</left>
        <top>-30</top>
        <width>1</width>
        <height>1</height>
        <label></label>>
        <texturenofocus>-</texturenofocus>
        <texturefocus>-</texturefocus>
    </include>
    <include name="Heading">
        <centerleft>960</centerleft>
        <top>10</top>
        <align>center</align>
        <aligny>center</aligny>
        <width>1260</width>
        <height>70</height>
        <font>size42B</font>
    </include>
    <include name="Dimensions_Fullscreen">
        <left>0</left>
        <top>0</top>
        <width>1920</width>
        <height>1080</height>
    </include>
    <include name="Header">
        <control type="group">
            <visible>![Window.IsActive(home) | Window.IsActive(LoginScreen.xml)]</visible>
            <control type="label" description="Heading">
                <align>center</align>
                <aligny>center</aligny>
                <width>1920</width>
                <height>75</height>
                <font>size42</font>
                <label>$VAR[RootLabel]</label>
            </control>
        </control>
    </include>
    <include name="WindowsTopInfos">
        <control type="group" description="Scroll letter">
            <visible>Container.Scrolling</visible>
            <animation effect="fade" start="0" end="100" time="50" delay="0" reversible="false">Visible</animation>
            <animation effect="fade" start="100" end="0" time="150" delay="250" reversible="false">Hidden</animation>
            <control type="label">
                <centerleft>960</centerleft>
                <centertop>540</centertop>
                <width>1920</width>
                <height>1080</height>
                <align>center</align>
                <textcolor>33ffffff</textcolor>
                <font>sizescroll</font>
                <label>$INFO[ListItem.SortLetter]</label>
            </control>
        </control>
        <!--todo Playing infos-->
        <control type="group" description="Player Info">
            <visible>!Control.HasFocus(340) + Player.HasMedia + ![Window.IsActive(DialogBusy.xml) | Window.IsActive(VideoFullscreen.xml) | Window.IsActive(myPVR.xml)]</visible>
            <visible>!IntegerGreaterThan(Player.Time,8) | !IntegerGreaterThan(Player.TimeRemaining,8)</visible>
            <include>VisibleFade</include>
            <left>15</left>
            <top>960</top>
            <control type="image" description="Playing BG">
                <width>390</width>
                <height>105</height>
                <texture border="8">images/White.png</texture>
            </control>
            <control type="group">
                <control type="image">
                    <left>15</left>
                    <top>15</top>
                    <width>75</width>
                    <height>75</height>
                    <texture>$INFO[MusicPlayer.Cover]</texture>
                    <aspectratio>keep</aspectratio>
                </control>
                <control type="image">
                    <left>15</left>
                    <top>15</top>
                    <width>75</width>
                    <height>75</height>
                    <texture>$INFO[VideoPlayer.Cover]</texture>
                    <aspectratio>keep</aspectratio>
                </control>
                <control type="label">
                    <left>105</left>
                    <top>9</top>
                    <aligny>center</aligny>
                    <width>261</width>
                    <height>36</height>
                    <font>size24</font>
                    <textcolor>black</textcolor>
                    <label>$INFO[MusicPlayer.Title]</label>
                </control>
                <control type="label">
                    <left>105</left>
                    <top>36</top>
                    <aligny>center</aligny>
                    <width>261</width>
                    <height>36</height>
                    <font>size21</font>
                    <textcolor>black</textcolor>
                    <label>$INFO[MusicPlayer.Artist]</label>
                </control>
                <control type="label">
                    <left>105</left>
                    <top>60</top>
                    <aligny>center</aligny>
                    <width>261</width>
                    <height>36</height>
                    <font>size21</font>
                    <textcolor>black</textcolor>
                    <label>$INFO[MusicPlayer.Album]</label>
                </control>
                <control type="label">
                    <left>105</left>
                    <top>9</top>
                    <aligny>center</aligny>
                    <width>261</width>
                    <height>36</height>
                    <font>size24</font>
                    <textcolor>black</textcolor>
                    <label>$INFO[VideoPlayer.Title]</label>
                </control>
                <control type="label">
                    <left>105</left>
                    <top>36</top>
                    <aligny>center</aligny>
                    <width>261</width>
                    <height>36</height>
                    <font>size21</font>
                    <textcolor>black</textcolor>
                    <label>$INFO[VideoPlayer.Artist]</label>
                </control>
                <control type="label">
                    <left>105</left>
                    <top>60</top>
                    <aligny>center</aligny>
                    <width>261</width>
                    <height>36</height>
                    <font>size21</font>
                    <textcolor>black</textcolor>
                    <label>$INFO[VideoPlayer.Album]</label>
                </control>
            </control>
        </control>
    </include>
    <include name="OSDbarIcons">
        <width>68</width>
        <height>68</height>
        <aspectratio aligny="center" align="left">keep</aspectratio>
    </include>
    <include name="OSDbarIcons3D">
        <width>34</width>
        <height>68</height>
        <aspectratio aligny="center" align="left">stretch</aspectratio>
    </include>
    <include name="BlackBackground">
        <control type="image" description="Background_dark">
            <width>1920</width>
            <height>1080</height>
            <aspectratio>stretch</aspectratio>
            <texture>special://skin/backdrops/dark_default_background.png</texture>
        </control>
    </include>
    <include name="PVRsidemenu">
        <control type="group" description="Side menu 9000 group">
            <visible allowhiddenfocus="true">ControlGroup(9000).HasFocus()</visible>
            <include>DialogOpenCloseVisible</include>
            <control type="image" description="List back">
                <centerleft>960</centerleft>
                <centertop>540</centertop>
                <width>750</width>
                <height>1040</height>
                <aspectratio>stretch</aspectratio>
                <texture border="50">images/ContextMenu.png</texture>
                <colordiffuse>dialog</colordiffuse>
            </control>
            <control type="grouplist" id="9000">
                <centerleft>960</centerleft>
                <centertop>540</centertop>
                <height>1080</height>
                <align>center</align>
                <include>DialogGLs</include>
                <control type="button" id="3">
                    <description>Sort by button</description>
                    <include>DialogButt</include>
                    <label></label>>
                </control>
                <control type="togglebutton" id="4">
                    <description>Sort asc</description>
                    <include>DialogButt</include>
                    <label>584</label>
                    <altlabel>585</altlabel>
                    <usealttexture>Container.SortDirection(Ascending)</usealttexture>
                </control>
                <control type="button" id="31">
                    <visible>!Window.IsActive(TVGuide)</visible>
                    <description>Filter</description>
                    <include>DialogButt</include>
                    <onclick></onclick>
                    <label>587</label>
                </control>
                <control type="button" id="32">
                    <description>TV Guide</description>
                    <include>DialogButt</include>
                    <onclick condition="Window.IsActive(TVGuide) | Window.IsActive(RadioGuide)">noop</onclick>
                    <onclick condition="String.IsEmpty(Window.Property(IsRadio))">ActivateWindow(TVGuide)</onclick>
                    <onclick condition="!String.IsEmpty(Window.Property(IsRadio))">ActivateWindow(RadioGuide)</onclick>
                    <label>22020</label>
                </control>
                <control type="button" id="33">
                    <description>TV Channels</description>
                    <include>DialogButt</include>
                    <onclick condition="Window.IsActive(TVChannels) | Window.IsActive(RadioChannels)">noop</onclick>
                    <onclick condition="String.IsEmpty(Window.Property(IsRadio))">ActivateWindow(TVChannels)</onclick>
                    <onclick condition="!String.IsEmpty(Window.Property(IsRadio))">ActivateWindow(RadioChannels)</onclick>
                    <label>19023</label>
                </control>
                <control type="button" id="34">
                    <description>Recordings</description>
                    <include>DialogButt</include>
                    <onclick condition="String.IsEmpty(Window.Property(IsRadio))">ActivateWindow(TVRecordings)</onclick>
                    <onclick condition="!String.IsEmpty(Window.Property(IsRadio))">ActivateWindow(RadioRecordings)</onclick>
                    <label>19163</label>
                </control>
                <control type="button" id="35">
                    <description>Timers</description>
                    <include>DialogButt</include>
                    <onclick condition="String.IsEmpty(Window.Property(IsRadio))">ActivateWindow(TVTimers)</onclick>
                    <onclick condition="!String.IsEmpty(Window.Property(IsRadio))">ActivateWindow(RadioTimers)</onclick>
                    <label>19040</label>
                </control>
                <control type="button" id="36">
                    <description>Search</description>
                    <include>DialogButt</include>
                    <onclick condition="String.IsEmpty(Window.Property(IsRadio))">ActivateWindow(TVSearch)</onclick>
                    <onclick condition="!String.IsEmpty(Window.Property(IsRadio))">ActivateWindow(RadioSearch)</onclick>
                    <label>137</label>
                </control>
                <control type="button" id="28">
                    <description>Channel Groups</description>
                    <include>DialogButt</include>
                    <label></label>>
                </control>
                <control type="radiobutton" id="600" description="EPG">
                    <visible>Window.IsActive(TVGuide)</visible>
                    <include>DialogButt</include>
                    <onclick>Container.SetViewMode(10)</onclick>
                    <selected>Control.IsVisible(10)</selected>
                    <label>EPG</label>
                </control>
                <control type="radiobutton" id="602" description="Now">
                    <visible>Window.IsActive(TVGuide)</visible>
                    <include>DialogButt</include>
                    <onclick>Container.SetViewMode(11)</onclick>
                    <selected>Control.IsVisible(11) + !Control.IsVisible(10)</selected>
                    <label>19030</label>
                </control>
                <control type="radiobutton" id="603" description="Next">
                    <visible>Window.IsActive(TVGuide)</visible>
                    <include>DialogButt</include>
                    <onclick>Container.SetViewMode(12)</onclick>
                    <selected>Control.IsVisible(12) + !Control.IsVisible(10)</selected>
                    <label>19031</label>
                </control>
            </control>
        </control>
    </include>
    <include name="selection">
        <animation effect="zoom" start="100" end="120" time="120" center="auto" tween="Back" easing="Out">Focus</animation>
        <animation effect="zoom" start="120" end="100" time="120" center="auto">unFocus</animation>
    </include>
    <include name="diavidinfobuttons">
        <animation effect="zoom" start="100" end="110" time="120" center="320,50" tween="Back" easing="Out">Focus</animation>
        <animation effect="zoom" start="110" end="100" time="120" center="320,50">unFocus</animation>
        <width>320</width>
        <height>70</height>
        <font>size21</font>
        <align>right</align>
        <aligny>top</aligny>
        <wrapmultiline>true</wrapmultiline>
        <textoffsetx>10</textoffsetx>
        <onclick>noop</onclick>
    </include>
    <include name="diavidinfolabels">
        <width>320</width>
        <height>20</height>
        <font>size21</font>
        <textoffsetx>10</textoffsetx>
        <align>right</align>
        <aligny>bottom</aligny>
    </include>
    <include name="osdtopbutton">
        <animation>Focus</animation>
        <animation>unFocus</animation>
        <font>font10</font>
        <width>auto</width>
        <textcolor>dimgray</textcolor>
        <focusedcolor>white</focusedcolor>
        <texturenofocus>-</texturenofocus>
        <texturefocus>-</texturefocus>
    </include>
    <include name="musictopbutton">
        <animation>Focus</animation>
        <animation>unFocus</animation>
        <font>size39B</font>
        <width>auto</width>
        <textcolor>dimgray</textcolor>
        <focusedcolor>white</focusedcolor>
        <texturenofocus>-</texturenofocus>
        <texturefocus>-</texturefocus>
    </include>
    <include name="homeanimation">
        <animation condition="!Container(9000).Row(0) + !ControlGroup(700).HasFocus + !Control.HasFocus(9009)" effect="slide" end="0,-950" time="500">Conditonal</animation>
    </include>
    <include name="9000music">
        <control type="group" id="9000">
            <visible allowhiddenfocus="true">ControlGroup(9000).HasFocus()</visible>
            <animation effect="slide" time ="300" start="0,-140" end="0,0">VisibleChange</animation>
            <control type="image">
                <centerleft>960</centerleft>
                <width>2000</width>
                <height>140</height>
                <texture border="8">images/White.png</texture>
                <colordiffuse>bandamusica</colordiffuse>
            </control>
            <control type="grouplist" id="666">
                <top>40</top>
                <align>center</align>
                <width>1920</width>
                <height>60</height>
                <itemgap>0</itemgap>
                <orientation>horizontal</orientation>
                <ondown>777</ondown>
                <onright>noop</onright>
                <control type="button" id="600" description="library">
                    <height>60</height>
                    <width>auto</width>
                    <include>musictopbutton</include>
                    <onclick condition="!Window.IsActive(Music)">ReplaceWindow(Music,return)</onclick>
                    <label>14202</label>
                </control>
                <control type="button" id="601" description="newmusic">
                    <height>60</height>
                    <include>musictopbutton</include>
                    <onclick>ReplaceWindow(1123)</onclick>
                    <label>New Music</label>
                </control>
                <control type="button" id="603">
                    <height>60</height>
                    <include>musictopbutton</include>
                    <onclick>SendClick(16)</onclick>
                    <label>Party Mode</label>
                </control>
                <control type="togglebutton" id="20">
                    <description>Update library</description>
                    <height>60</height>
                    <include>musictopbutton</include>
                    <label>653</label>
                    <altlabel>13353</altlabel>
                    <usealttexture>library.isscanningvideo</usealttexture>
                </control>
                <control type="button" id="3" description="Other">
                    <height>60</height>
                    <include>musictopbutton</include>
                    <onclick></onclick>
                    <label></label>>
                </control>
            </control>
        </control>
    </include>
    <include name="osdbutton">
        <width>90</width>
        <height>98</height>
    </include>
    <include name="OSDfullinfos">
        <control type="image">
            <centerleft>960</centerleft>
            <width>2020</width>
            <height>140</height>
            <colordiffuse>osdoverlay</colordiffuse>
            <texture border="8">images/White.png</texture>
        </control>
        <control type="grouplist" id="101" description="OSD Options">
            <top>35</top>
            <width>1920</width>
            <height>140</height>
            <itemgap>0</itemgap>
            <onleft>noop</onleft>
            <onright>noop</onright>
            <onup>100</onup>
            <ondown condition="Control.HasFocus(704)">9000</ondown>
            <ondown condition="Control.HasFocus(703)">10000</ondown>
            <ondown condition="Control.HasFocus(706)">8000</ondown>
            <ondown>noop</ondown>
            <orientation>horizontal</orientation>
            <align>center</align>
            <scrolltime>240</scrolltime>
            <control type="button" id="706" description="Info">
                <font>size36B</font>
                <include>osdtopbutton</include>
                <label>29915</label>
                <!--<onclick>SetFocus(100,2)</onclick>-->
            </control>
            <control type="button" id="704" description="audio and subtitles">
                <font>size36B</font>
                <include>osdtopbutton</include>
                <label>$LOCALIZE[292] &amp; $LOCALIZE[287]</label>
                <onclick>SetFocus(100,2)</onclick>
                <onclick>Close</onclick>
                <onclick>ActivateWindow(OSDAudioSettings)</onclick>
            </control>
            <control type="button" id="703" description="videosett">
                <font>size36B</font>
                <include>osdtopbutton</include>
                <label>13395</label>
                <onclick>SetFocus(100,2)</onclick>
                <onclick>ActivateWindow(OSDVideoSettings)</onclick>
            </control>
            <control type="button" id="705">
                <font>size36B</font>
                <include>osdtopbutton</include>
                <label>298</label>
                <!--<onclick>SetFocus(100,2)</onclick>-->
                <onclick>ActivateWindow(VideoBookmarks)</onclick>
            </control>
            <control type="button" id="707">
                <font>size36B</font>
                <include>osdtopbutton</include>
                <label>21445</label>
                <onfocus>PlayerProcessInfo</onfocus>
                <onclick>SetFocus(100,2)</onclick>
            </control>
            <control type="button" id="708">
                <font>size36B</font>
                <visible>VideoPlayer.HasMenu</visible>
                <include>osdtopbutton</include>
                <label>25003</label>
                <onclick>SetFocus(100,2)</onclick>
                <onclick>PlayerControl(ShowVideoMenu)</onclick>
            </control>
        </control>
        <control type="image">
            <top>140</top>
            <centerleft>960</centerleft>
            <width>2020</width>
            <height>300</height>
            <colordiffuse>osdoverlay</colordiffuse>
            <texture border="8">images/White.png</texture>
        </control>
        <control type="group" description="Video Info">
            <visible>Control.HasFocus(706)</visible>
            <control type="image">
                <centertop>255</centertop>
                <centerleft>295</centerleft>
                <height>160</height>
                <width>280</width>
                <texture background="true">$INFO[Player.Art(fanart)]</texture>
                <aspectratio>keep</aspectratio>
                <onclick></onclick>
            </control>
            <control type="grouplist" description="Video Settings">
                <left>470</left>
                <top>170</top>
                <onup>706</onup>
                <height>300</height>
                <align>left</align>
                <control type="label">
                    <height>40</height>
                    <info>Player.Title</info>
                    <textcolor>lightgray</textcolor>
                </control>
                <control type="label">
                    <height>40</height>
                    <info>Player.Duration</info>
                    <textcolor>lightgray</textcolor>
                </control>
                <control type="textbox">
                    <height>150</height>
                    <width>1300</width>
                    <label>$INFO[VideoPlayer.Plot]</label>
                    <textcolor>lightgray</textcolor>
                </control>
            </control>
        </control>

        <control type="group" description="Audio and Subtitles">
            <visible>Control.HasFocus(704) | ControlGroup(9000).HasFocus</visible>
            <control type="group" id="9000">
                <top>170</top>
                <control type="grouplist" description="Language" id="9001">
                    <left>335</left>
                    <height>340</height>
                    <width>480</width>
                    <align>left</align>
                    <onup>704</onup>
                    <onright>9002</onright>
                    <onleft>noop</onleft>
                    <ondown>noop</ondown>
                    <itemgap>0</itemgap>
                    <control type="label" id="9010">
                        <font>size21B</font>
                        <height>30</height>
                        <label>[UPPERCASE]$LOCALIZE[304][/UPPERCASE]</label>
                        <textoffsetx>50</textoffsetx>
                        <textcolor>lightgray</textcolor>
                    </control>
                    <control type="button" id="9013">
                        <font>size33</font>
                        <height>50</height>
                        <include>osdtopbutton</include>
                        <!--todo localize NEXT Audio-->
                        <label>$LOCALIZE[209] $LOCALIZE[304]</label>
                        <textoffsetx>50</textoffsetx>
                        <textcolor>lightgray</textcolor>
                        <onclick>Action(AudioNextLanguage)</onclick>
                    </control>
                    <control type="label" id="9014">
                        <font>size33</font>
                        <height>50</height>
                        <include>osdtopbutton</include>
                        <label>$LOCALIZE[304]: $INFO[VideoPlayer.AudioLanguage]</label>
                        <textoffsetx>50</textoffsetx>
                        <textcolor>lightgray</textcolor>
                    </control>
                </control>
                <control type="grouplist" description="Subtitles" id="9002">
                    <left>815</left>
                    <height>340</height>
                    <width>480</width>
                    <align>left</align>
                    <onup>704</onup>
                    <onright>9003</onright>
                    <onleft>9001</onleft>
                    <ondown>noop</ondown>
                    <itemgap>0</itemgap>
                    <control type="label" id="9012">
                        <font>size21B</font>
                        <height>30</height>
                        <label>[UPPERCASE]$LOCALIZE[287][/UPPERCASE]</label>
                        <textoffsetx>50</textoffsetx>
                        <textcolor>lightgray</textcolor>
                    </control>
                    <control type="button" id="9018">
                        <font>size33</font>
                        <height>50</height>
                        <textoffsetx>50</textoffsetx>
                        <include>osdtopbutton</include>
                        <!--todo localize NEXT SUBTITLE-->
                        <label>$LOCALIZE[209] $LOCALIZE[287]</label>
                        <textcolor>lightgray</textcolor>
                        <onclick>Action(NextSubtitle)</onclick>
                    </control>
                    <control type="button" id="9019">
                        <font>size33</font>
                        <height>50</height>
                        <textoffsetx>50</textoffsetx>
                        <include>osdtopbutton</include>
                        <label>Find More</label>
                        <onclick>ActivateWindow(subtitlesearch)</onclick>
                    </control>
                    <control type="label" id="9020">
                        <font>size33</font>
                        <height>50</height>
                        <include>osdtopbutton</include>
                        <label>$LOCALIZE[304]: $INFO[VideoPlayer.SubtitlesLanguage]</label>
                        <textoffsetx>50</textoffsetx>
                        <textcolor>lightgray</textcolor>
                    </control>
                </control>
                <control type="grouplist" description="audioprefs" id="9003">
                    <left>1295</left>
                    <height>340</height>
                    <width>410</width>
                    <align>left</align>
                    <onup>704</onup>
                    <onright>noop</onright>
                    <onleft>9002</onleft>
                    <ondown>noop</ondown>
                    <itemgap>0</itemgap>
                    <control type="label" id="9011">
                        <font>size21B</font>
                        <height>30</height>
                        <label>[UPPERCASE]suono[/UPPERCASE]</label>
                        <textoffsetx>50</textoffsetx>
                        <textcolor>lightgray</textcolor>
                    </control>
                    <control type="button" id="9015" description="audio offset">
                        <font>size33</font>
                        <height>50</height>
                        <include>osdtopbutton</include>
                        <label>297</label>
                        <textoffsetx>50</textoffsetx>
                        <textcolor>lightgray</textcolor>
                        <onclick>SetFocus(100,2)</onclick>
                        <onclick>Action(audiodelay)</onclick>
                    </control>
                    <control type="radiobutton" id="9016" description="stereo upmix">
                        <!--<enable>!String.IsEqual(system.getbool(audiooutput.channels),1)</enable>-->
                        <font>size33</font>
                        <height>50</height>
                        <width>480</width>
                        <textureradiofocus>images/osdRadioON.png</textureradiofocus>
                        <textureradionofocus>-</textureradionofocus>
                        <radioposx>5</radioposx>
                        <include>osdtopbutton</include>
                        <label>Stereo Upmix</label>
                        <textoffsetx>50</textoffsetx>
                        <textcolor>lightgray</textcolor>
                        <onclick>RunScript(script.skin.helper.service,action=togglekodisetting,setting=audiooutput.stereoupmix)</onclick>
                        <selected>system.getbool(audiooutput.stereoupmix)</selected>
                    </control>
                    <control type="radiobutton" id="9017">
                        <font>size33</font>
                        <height>50</height>
                        <width>480</width>
                        <textureradiofocus>images/osdRadioON.png</textureradiofocus>
                        <textureradionofocus>-</textureradionofocus>
                        <radioposx>5</radioposx>
                        <include>osdtopbutton</include>
                        <label>Passthrough</label>
                        <textoffsetx>50</textoffsetx>
                        <textcolor>lightgray</textcolor>
                        <onclick>RunScript(script.skin.helper.service,action=togglekodisetting,setting=audiooutput.passthrough)</onclick>
                        <selected>system.getbool(audiooutput.passthrough)</selected>
                    </control>
                </control>
            </control>
        </control>
        <control type="group" description="Video Stream Infos">
            <visible>Control.HasFocus(707)</visible>
            <control type="grouplist">
                <left>110</left>
                <top>160</top>
                <control type="label">
                    <width>1600</width>
                    <height>30</height>
                    <aligny>bottom</aligny>
                    <label>$INFO[Player.Process(videodecoder),Video Decoder: ] $INFO[Player.Process(pixformat),Pixel Format: ]</label>
                    <font>font13</font>
                    <textcolor>lightgray</textcolor>
                </control>
                <control type="label">
                    <width>1600</width>
                    <height>30</height>
                    <aligny>bottom</aligny>
                    <label>$INFO[Player.Process(deintmethod),Deinterlace Method: ]</label>
                    <font>font13</font>
                    <textcolor>lightgray</textcolor>
                </control>
                <control type="label">
                    <width>1600</width>
                    <height>30</height>
                    <aligny>bottom</aligny>
                    <label>$INFO[Player.Process(videowidth),Video : ,x]$INFO[Player.Process(videoheight),, px]$INFO[Player.Process(videodar),$COMMA , AR]$INFO[Player.Process(videofps),$COMMA , FPS]</label>
                    <font>font13</font>
                    <textcolor>lightgray</textcolor>
                </control>
                <control type="label">
                    <width>1600</width>
                    <height>30</height>
                    <aligny>bottom</aligny>
                    <label>Audio Channels: $INFO[Player.Process(audiochannels),,$COMMA ]$INFO[Player.Process(audiodecoder)]$INFO[Player.Process(audiobitspersample),$COMMA , bits]$INFO[Player.Process(audiosamplerate),$COMMA , Hz]</label>
                    <font>font13</font>
                    <textcolor>lightgray</textcolor>
                </control>
                <control type="label">
                    <width>1600</width>
                    <height>30</height>
                    <aligny>bottom</aligny>
                    <label>$INFO[System.Memory(used.percent),Memory in Use: ,       ]$INFO[System.CpuUsage,$LOCALIZE[13271]]</label>
                    <font>font13</font>
                    <textcolor>lightgray</textcolor>
                </control>
            </control>
        </control>
        <control type="image">
            <centerleft>960</centerleft>
            <top>140</top>
            <width>2220</width>
            <height>1</height>
            <texture>images/Line.png</texture>
            <colordiffuse>dimgray</colordiffuse>
        </control>
    </include>
    <include name="adbrowserlists">
        <orientation>horizontal</orientation>
        <top>150</top>
        <width>1920</width>
        <height>280</height>
        <onleft>noop</onleft>
        <onright>noop</onright>
        <!--<onup>666</onup>-->
        <!--<ondown>5007</ondown>-->
        <onclick>info</onclick>
        <viewtype label="50">List</viewtype>
        <focusposition>5</focusposition>
        <movement>5</movement>
        <preloaditems>4</preloaditems>
        <scrolltime tween="sine" easing="inout">280</scrolltime>
        <itemlayout width="350" height="200">
            <control type="image">
                <left>80</left>
                <width>300</width>
                <height>200</height>
                <texture>$INFO[ListItem.Icon]</texture>
            </control>
            <control type="textbox" description="Label2">
                <left>80</left>
                <top>210</top>
                <height>81</height>
                <width>300</width>
                <font>size27</font>
                <scroll>false</scroll>
                <align>center</align>
                <textcolor>infos</textcolor>
                <label>$INFO[ListItem.Label]$INFO[ListItem.Label2]</label>
            </control>
        </itemlayout>
        <focusedlayout width="350" height="200">
            <control type="group">
                <animation effect="zoom" time="120" start="100" end="115" center="230,100" tween="Back" easing="Out">Focus</animation>
                <control type="image">
                    <top>40</top>
                    <left>80</left>
                    <height>200</height>
                    <width>300</width>
                    <texture>shadow.png</texture>
                </control>
                <control type="image">
                    <left>80</left>
                    <width>300</width>
                    <height>200</height>
                    <texture>$INFO[ListItem.Icon]</texture>
                </control>
                <control type="textbox" description="Label2">
                    <left>80</left>
                    <top>210</top>
                    <height>81</height>
                    <width>300</width>
                    <font>size27</font>
                    <scroll>false</scroll>
                    <align>center</align>
                    <textcolor>infos</textcolor>
                    <label>$INFO[ListItem.Label]$INFO[ListItem.Label2]</label>
                </control>
            </control>
        </focusedlayout>
    </include>
</includes>
