<?xml version="1.0" encoding="UTF-8"?>
<window id="503">
  <defaultcontrol allways="true">50</defaultcontrol>
  <allowoverlay>no</allowoverlay>
  <include>OpenClose</include>
  <views>50</views>
  <controls>
    <include>BlackBackground</include>
    <control type="label">
      <include>Heading</include>
      <label>10503</label>
    </control>
    <control type="group">
      <description>Left panel</description>
      <left>20</left>
      <top>78</top>
      <control type="label">
        <left>15</left>
        <top>15</top>
        <width>615</width>
        <height>45</height>
        <font>size42B</font>
        <align>center</align>
        <label>31013</label>
      </control>
      <control type="label" id="12">
        <left>15</left>
        <top>55</top>
        <width>615</width>
        <height>45</height>
        <font>size22</font>
        <textcolor>Grey2</textcolor>
        <align>center</align>
        <label></label>>
      </control>
      <control type="image" description="Slider 50">
        <visible>Control.IsVisible(50)</visible>
        <left>60</left>
        <top>99</top>
        <width>600</width>
        <height>69</height>
        <texture border="8">images/Buttonselect.png</texture>
        <aspectratio>stretch</aspectratio>
        <animation condition="!Control.HasFocus(50)" effect="fade" start="100" end="0" time="180" reversible="true">Conditional</animation>
        <animation condition="Container(50).Position(0)" effect="slide" start="0,0" end="0,0" time="180" reversible="true">Conditional</animation>
        <animation condition="Container(50).Position(1)" effect="slide" start="0,0" end="0,60" time="180" reversible="true">Conditional</animation>
        <animation condition="Container(50).Position(2)" effect="slide" start="0,0" end="0,120" time="180" reversible="true">Conditional</animation>
        <animation condition="Container(50).Position(3)" effect="slide" start="0,0" end="0,180" time="180" reversible="true">Conditional</animation>
        <animation condition="Container(50).Position(4)" effect="slide" start="0,0" end="0,240" time="180" reversible="true">Conditional</animation>
        <animation condition="Container(50).Position(5)" effect="slide" start="0,0" end="0,300" time="180" reversible="true">Conditional</animation>
        <animation condition="Container(50).Position(6)" effect="slide" start="0,0" end="0,360" time="180" reversible="true">Conditional</animation>
        <animation condition="Container(50).Position(7)" effect="slide" start="0,0" end="0,420" time="180" reversible="true">Conditional</animation>
        <animation condition="Container(50).Position(8)" effect="slide" start="0,0" end="0,480" time="180" reversible="true">Conditional</animation>
        <animation condition="Container(50).Position(9)" effect="slide" start="0,0" end="0,540" time="180" reversible="true">Conditional</animation>
        <animation condition="Container(50).Position(10)" effect="slide" start="0,0" end="0,600" time="180" reversible="true">Conditional</animation>
        <animation condition="Container(50).Position(11)" effect="slide" start="0,0" end="0,660" time="180" reversible="true">Conditional</animation>
      </control>
      <control type="fixedlist" id="50">
        <left>60</left>
        <top>93</top>
        <width>600</width>
        <height>828</height>
        <onleft>151</onleft>
        <onright>8999</onright>
        <onup>50</onup>
        <ondown>50</ondown>
        <viewtype>list</viewtype>
        <scrolltime>200</scrolltime>
        <focusposition>5</focusposition>
        <movement>6</movement>
        <pagecontrol>151</pagecontrol>
        <itemlayout height="60" width="600">
          <control type="label">
            <left>15</left>
            <width>570</width>
            <font>size33</font>
            <align>left</align>
            <scroll>false</scroll>
            <info>ListItem.Label</info>
          </control>
        </itemlayout>
        <focusedlayout height="60" width="600">
          <control type="label">
            <left>15</left>
            <width>570</width>
            <font>size33</font>
            <align>left</align>
            <info>ListItem.Label</info>
          </control>
        </focusedlayout>
      </control>
    </control>
    <control type="group">
      <description>Middle Panel</description>
      <control type="image">
        <height>1080</height>
        <width>960</width>
        <texture>$INFO[Container(50).ListItem.Art(fanart)]</texture>
        <colordiffuse>33FFFFFF</colordiffuse>
      </control>
      <control type="image">
        <left>960</left>
        <height>1080</height>
        <width>960</width>
        <texture>$INFO[Container(100).ListItem.Art(fanart)]</texture>
        <colordiffuse>33FFFFFF</colordiffuse>
      </control>
      <control type="image">
        <top>-450</top>
        <left>958</left>
        <height>1980</height>
        <width>4</width>
        <texture>images/LineV.png</texture>
      </control>
      <control type="image">
        <top>40</top>
        <left>720</left>
        <height>1000</height>
        <width>480</width>
        <texture border="30">musicOSD/back.png</texture>
      </control>
      <control type="group">
        <left>750</left>
        <top>68</top>
        <visible>Control.HasFocus(50)</visible>
        <control type="image">
          <visible>!ListItem.IsFolder</visible>
          <left>30</left>
          <top>45</top>
          <width>360</width>
          <height>360</height>
          <aligny>bottom</aligny>
          <aspectratio>keep</aspectratio>
          <texture fallback="defaultalbumcover.png">$INFO[Container(50).ListItem.Art(thumb)]</texture>
          <bordersize>2</bordersize>
        </control>
        <control type="image">
          <visible>ListItem.IsFolder</visible>
          <left>30</left>
          <top>45</top>
          <width>360</width>
          <height>360</height>
          <aligny>bottom</aligny>
          <aspectratio>keep</aspectratio>
          <texture>$INFO[Container(50).ListItem.Icon]</texture>
          <bordersize>2</bordersize>
        </control>
        <control type="textbox">
          <left>15</left>
          <top>450</top>
          <width>420</width>
          <height>420</height>
          <font>size26</font>
          <align>center</align>
          <label>$INFO[Container(50).ListItem.Artist,[COLOR=gray]$LOCALIZE[557]:[/COLOR] ,[CR]]$INFO[Container(50).ListItem.Album,[COLOR=gray]$LOCALIZE[558]:[/COLOR] ,[CR]]$INFO[Container(50).ListItem.Duration,[COLOR=gray]$LOCALIZE[555]:[/COLOR] ,[CR]]$INFO[Container(50).ListItem.Genre,[COLOR=gray]$LOCALIZE[515]:[/COLOR] ,[CR]]</label>
        </control>
      </control>
      <control type="group">
        <left>750</left>
        <top>68</top>
        <visible>Control.HasFocus(100)</visible>
        <control type="image">
          <left>30</left>
          <top>45</top>
          <width>360</width>
          <height>360</height>
          <aspectratio>keep</aspectratio>
          <texture fallback="defaultalbumcover.png">$INFO[Container(100).ListItem.Art(thumb)]</texture>
          <bordersize>2</bordersize>
        </control>
        <control type="textbox">
          <left>15</left>
          <top>450</top>
          <width>420</width>
          <height>420</height>
          <font>size26</font>
          <align>center</align>
          <label>$INFO[Container(100).ListItem.Artist,[COLOR=gray]$LOCALIZE[557]:[/COLOR] ,[CR]]$INFO[Container(100).ListItem.Album,[COLOR=gray]$LOCALIZE[558]:[/COLOR] ,[CR]]$INFO[Container(100).ListItem.Duration,[COLOR=gray]$LOCALIZE[555]:[/COLOR] ,[CR]]$INFO[Container(100).ListItem.Genre,[COLOR=gray]$LOCALIZE[515]:[/COLOR] ,[CR]]</label>
        </control>
      </control>
      <control type="image" description="separator Bottom">
        <top>-24</top>
        <left>15</left>
        <width>390</width>
        <height>1</height>
        <texture>images/Line.png</texture>
        <aspectratio>stretch</aspectratio>
      </control>
      <control type="grouplist" id="8999">
        <left>750</left>
        <top>753</top>
        <onleft>50</onleft>
        <onright>100</onright>
        <control type="button" id="7" description="Save">
          <width>420</width>
          <label>31011</label>
          <font>size33</font>
        </control>
        <control type="button" id="6" description="Open">
          <top>70</top>
          <width>420</width>
          <label>31010</label>
          <font>size33</font>
        </control>
        <control type="button" id="8" description="Clear">
          <top>140</top>
          <width>420</width>
          <label>31012</label>
          <font>size33</font>
          <onclick>ReplaceWindow(503)</onclick>
        </control>
      </control>
    </control>
    <control type="group" description="Right panel">
      <left>1240</left>
      <top>78</top>
      <control type="label">
        <left>15</left>
        <top>15</top>
        <width>615</width>
        <height>45</height>
        <font>size42B</font>
        <align>center</align>
        <label>31014</label>
      </control>
      <control type="label" id="101">
        <left>15</left>
        <top>55</top>
        <width>615</width>
        <height>45</height>
        <font>size22</font>
        <textcolor>Grey2</textcolor>
        <align>center</align>
        <label></label>>
      </control>
      <control type="image" description="Slider 100">
        <visible>!String.IsEmpty(Container(100).ListItem.Label) + Control.IsVisible(100)</visible>
        <left>0</left>
        <top>96</top>
        <width>600</width>
        <height>69</height>
        <texture border="8">images/Buttonselect.png</texture>
        <aspectratio>stretch</aspectratio>
        <animation condition="!Control.HasFocus(100)" effect="fade" start="100" end="0" time="180" reversible="true">Conditional</animation>
        <!--FADE-->
        <animation condition="Container(100).Position(0)" effect="slide" start="0,0" end="0,0" time="180" reversible="true">Conditional</animation>
        <animation condition="Container(100).Position(1)" effect="slide" start="0,0" end="0,60" time="180" reversible="true">Conditional</animation>
        <animation condition="Container(100).Position(2)" effect="slide" start="0,0" end="0,120" time="180" reversible="true">Conditional</animation>
        <animation condition="Container(100).Position(3)" effect="slide" start="0,0" end="0,180" time="180" reversible="true">Conditional</animation>
        <animation condition="Container(100).Position(4)" effect="slide" start="0,0" end="0,240" time="180" reversible="true">Conditional</animation>
        <animation condition="Container(100).Position(5)" effect="slide" start="0,0" end="0,300" time="180" reversible="true">Conditional</animation>
        <animation condition="Container(100).Position(6)" effect="slide" start="0,0" end="0,360" time="180" reversible="true">Conditional</animation>
        <animation condition="Container(100).Position(7)" effect="slide" start="0,0" end="0,420" time="180" reversible="true">Conditional</animation>
        <animation condition="Container(100).Position(8)" effect="slide" start="0,0" end="0,480" time="180" reversible="true">Conditional</animation>
        <animation condition="Container(100).Position(9)" effect="slide" start="0,0" end="0,540" time="180" reversible="true">Conditional</animation>
        <animation condition="Container(100).Position(10)" effect="slide" start="0,0" end="0,600" time="180" reversible="true">Conditional</animation>
        <animation condition="Container(100).Position(11)" effect="slide" start="0,0" end="0,660" time="180" reversible="true">Conditional</animation>
      </control>
      <control type="fixedlist" id="100">
        <visible>!String.IsEmpty(Container(100).ListItem.Label)</visible>
        <left>-15</left>
        <top>93</top>
        <width>630</width>
        <height>828</height>
        <onleft>8999</onleft>
        <onright>150</onright>
        <onup>100</onup>
        <ondown>100</ondown>
        <pagecontrol></pagecontrol>
        <viewtype label="">list</viewtype>
        <scrolltime>200</scrolltime>
        <focusposition>5</focusposition>
        <movement>6</movement>
        <itemlayout height="60" width="600">
          <control type="label">
            <left>0r</left>
            <width>570</width>
            <font>size33</font>
            <align>right</align>
            <scroll>false</scroll>
            <info>ListItem.Label</info>
          </control>
        </itemlayout>
        <focusedlayout height="60" width="600">
          <control type="label">
            <left>0r</left>
            <width>570</width>
            <font>size33</font>
            <align>right</align>
            <info>ListItem.Label</info>
          </control>
        </focusedlayout>
      </control>
    </control>
  </controls>
</window>
