<?xml version="1.0" encoding="UTF-8"?>
<window id="129">
  <defaultcontrol always="true">10</defaultcontrol>
  <animation effect="fade" time="400">WindowOpen</animation>
  <animation effect="fade" time="400">WindowClose</animation>
  <controls>
    <include>BlackBackground</include>
    <control type="image">
      <left>0</left>
      <top>0</top>
      <width>1920</width>
      <height>1080</height>
      <texture>images/Black.png</texture>
      <animation effect="fade" time="200">WindowOpen</animation>
    </control>
    <!--control type="image">
            <description>background image</description>
            <left>-15</left>
            <top>-15</top>
            <width>540</width>
            <height>375</height>
            <texture>dialog-panel2.png</texture>
        </control-->
    <control type="label" id="2">
      <description>Heading Label</description>
      <left>450</left>
      <top>270</top>
      <width>1000</width>
      <align>left</align>
      <textcolor>dialogheader</textcolor>
    </control>
    <control type="label" id="3">
      <description>List Label</description>
      <height>60</height>
      <left>450</left>
      <top>200</top>
      <width>1000</width>
      <align>left</align>
    </control>
    <control type="list" id="10">
      <left>450</left>
      <top>270</top>
      <width>700</width>
      <height>160</height>
      <onup>9001</onup>
      <onleft>13</onleft>
      <onright>13</onright>
      <ondown>9001</ondown>
      <pagecontrol>-</pagecontrol>
      <scrolltime>200</scrolltime>
      <itemlayout height="60">
        <control type="image">
          <left>0</left>
          <top>0</top>
          <width>700</width>
          <height>60</height>
          <texture>input-nofocus.png</texture>
        </control>
        <control type="label">
          <left>10</left>
          <top>0</top>
          <width>700</width>
          <height>50</height>
          <aligny>center</aligny>
          <align>left</align>
          <info>ListItem.Label</info>
        </control>
      </itemlayout>
      <focusedlayout height="60">
        <control type="image">
          <left>0</left>
          <top>0</top>
          <width>700</width>
          <height>60</height>
          <texture>input-nofocus.png</texture>
          <visible>!Control.hasfocus(10)</visible>
        </control>
        <control type="image">
          <left>0</left>
          <top>0</top>
          <width>700</width>
          <height>60</height>
          <texture border="8">images/Buttonselect.png</texture>
          <visible>Control.hasfocus(14)|Control.hasfocus(10)</visible>
        </control>
        <control type="label">
          <left>10</left>
          <top>0</top>
          <width>700</width>
          <height>50</height>
          <aligny>center</aligny>
          <align>left</align>
          <info>ListItem.Label</info>
        </control>
      </focusedlayout>
    </control>
    <control type="group" id="9000">
      <control type="button" id="11">
        <description>Change Set Button</description>
        <left>1200</left>
        <top>340</top>
        <width>310</width>
        <height>60</height>
        <include>DialogButt</include>
        <onup>14</onup>
        <onleft>10</onleft>
        <onright>10</onright>
        <ondown>9001</ondown>
      </control>
      <control type="button" id="13">
        <description>Add Button</description>
        <left>1200</left>
        <top>200</top>
        <width>310</width>
        <height>60</height>
        <include>DialogButt</include>
        <label>15019</label>
        <onup>9001</onup>
        <onleft>10</onleft>
        <onright>10</onright>
        <ondown>14</ondown>
      </control>
      <control type="button" id="14">
        <description>Remove Button</description>
        <left>1200</left>
        <top>270</top>
        <width>310</width>
        <height>60</height>
        <include>DialogButt</include>
        <label>1210</label>
        <onup>13</onup>
        <onleft>10</onleft>
        <onright>10</onright>
        <ondown>11</ondown>
      </control>
    </control>
    <control type="group" id="9001">
      <left>660</left>
      <top>800</top>
      <control type="button" id="18">
        <description>Ok Button</description>
        <width>300</width>
        <height>60</height>
        <textoffsetx>12</textoffsetx>
        <align>center</align>
        <include>DialogButt</include>
        <label>186</label>
        <onup>10</onup>
        <onleft>10</onleft>
        <onright>19</onright>
        <ondown>10</ondown>
      </control>
      <control type="button" id="19">
        <description>Cancel Button</description>
        <left>300</left>
        <width>300</width>
        <height>60</height>
        <textoffsetx>12</textoffsetx>
        <align>center</align>
        <include>DialogButt</include>
        <label>222</label>
        <onup>10</onup>
        <onleft>18</onleft>
        <onright>11</onright>
        <ondown>10</ondown>
      </control>
    </control>
  </controls>
</window>
