<?xml version="1.0" encoding="UTF-8"?>
<window id="12">
    <defaultcontrol always="true">3</defaultcontrol>
    <backgroundcolor>background</backgroundcolor>
    <allowoverlay>no</allowoverlay>
    <include>OpenClose</include>
    <controls>
        <include>BlackBackground</include>
        <control type="label" id="2" description="Heading">
            <include>Heading</include>
            <label></label>>
        </control>
        <control type="grouplist" id="3" description="LeftMenu">
            <left>70</left>
            <top>120</top>
            <width>400</width>
            <height>850</height>
            <align>left</align>
            <itemgap>8</itemgap>
            <onup>20</onup>
            <ondown>noop</ondown>
            <onright>5</onright>
        </control>
        <control type="grouplist" id="5" description="Stage">
            <left>450</left>
            <top>120</top>
            <width>1400</width>
            <height>850</height>
            <align>left</align>
            <onup>noop</onup>
            <ondown>noop</ondown>
            <onright>noop</onright>
            <onleft>3</onleft>
            <itemgap>8</itemgap>
            <pagecontrol>60</pagecontrol>
        </control>
        <control type="label" id="14" description="Label">
            <font>size34</font>
            <texturenofocus border="8" colordiffuse="bandabianca">images/White.png</texturenofocus>
            <align>left</align>
        </control>
        <control type="button" id="7" description="Button">
            <font>size34</font>
            <texturenofocus border="8" colordiffuse="bandabianca">images/White.png</texturenofocus>
            <align>left</align>
        </control>
        <control type="radiobutton" id="8" description="Radio Button">
            <font>size34</font>
            <texturenofocus border="8" colordiffuse="bandabianca">images/White.png</texturenofocus>
            <align>left</align>
        </control>
        <control type="spincontrolex" id="9" description="Spin control">
            <align>left</align>
            <texturenofocus border="8" colordiffuse="bandabianca">images/White.png</texturenofocus>
            <font>size34</font>
        </control>
        <control type="button" id="10" description="Category Button">
           <textoffsetx>20</textoffsetx>
            <width>300</width>
            <font>size34</font>
            <texturenofocus border="8" colordiffuse="bandabianca">images/White.png</texturenofocus>
        </control>
        <control type="sliderex" id="13">
            <description>Default Slider</description>
            <font>size34</font>
            <texturenofocus border="8" colordiffuse="bandabianca">images/White.png</texturenofocus>
            <aligny>center</aligny>
        </control>
        <control type="button" id="20">
            <description>Settings Level</description>
            <width>350</width>
            <height>80</height>
            <font>Size26</font>
            <texturenofocus border="8" colordiffuse="bandabianca">images/White.png</texturenofocus>
            <onclick>SettingsLevelChange</onclick>
            <ondown>3</ondown>
        </control>
    </controls>
</window>
