<?xml version="1.0" encoding="UTF-8"?>
<window type="dialog" id="1154">
    <defaultcontrol always="true">9000</defaultcontrol>
    <include>DialogOpenClose</include>
    <controls>
        <control type="group" description="All dialog content">
            <control type="image">
                <left>444</left>
                <top>250</top>
                <width>1023</width>
                <height>562</height>
                <texture border="8">images/White.png</texture>
                <colordiffuse>dialog</colordiffuse>
            </control>
            <control type="label" description="Dialog heading">
                <left>615</left>
                <top>410</top>
                <width>690</width>
                <height>52</height>
                <label>[B]$LOCALIZE[457] $LOCALIZE[478] $LOCALIZE[31059][/B]</label>
                <align>center</align>
                <aligny>center</aligny>
                <font>size36</font>
                <shadowcolor>-</shadowcolor>
            </control>
            <control type="group">
                <left>697</left>
                <top>486</top>
                <control type="grouplist" id="9000">
                    <width>525</width>
                    <height>450</height>
                    <onleft>noop</onleft>
                    <onright>noop</onright>
                    <onup>9000</onup>
                    <ondown>9000</ondown>
                    <itemgap>0</itemgap>
                    <font>size33</font>
                    <scrolltime>260</scrolltime>
                    <control type="radiobutton" id="701" description="CHANNELS">
                        <width>525</width>
                        <label>$LOCALIZE[19019]</label>
                        <onclick>Skin.Reset(osdch)</onclick>
                        <onclick>Close</onclick>
                        <selected>!Skin.HasSetting(osdch)</selected>
                    </control>
                    <control type="radiobutton" id="702" description="EPG">
                        <width>525</width>
                        <label>$LOCALIZE[19069]</label>
                        <onclick>Skin.Reset(osdch)</onclick>
                        <onclick>Skin.ToggleSetting(osdch)</onclick>
                        <onclick>Close</onclick>
                        <selected>Skin.HasSetting(osdch)</selected>
                    </control>
                </control>
            </control>
        </control>
    </controls>
</window>
