<?xml version="1.0" encoding="UTF-8"?>
<window id="10140">
  <defaultcontrol always="true">5</defaultcontrol>
  <allowoverlay>no</allowoverlay>
  <include>OpenClose</include>
  <controls>
    <include>BlackBackground</include>
    <control type="image" description="Line top">
      <top>165</top>
      <width>1920</width>
      <height>1</height>
      <aspectratio>stretch</aspectratio>
      <texture>images/Line.png</texture>
    </control>
    <control type="label" id="2" description="Heading">
      <include>Heading</include>
      <label></label>
    </control>
    <control type="grouplist" id="3" description="TopHat">
      <top>90</top>
      <width>auto</width>
      <align>center</align>
      <height>80</height>
      <itemgap>9</itemgap>
      <onleft>noop</onleft>
      <onright>noop</onright>
      <onup>noop</onup>
      <ondown>5</ondown>
      <orientation>horizontal</orientation>
    </control>
    <control type="grouplist" id="8999" description="bottomPanel">
      <bottom>20</bottom>
      <width>auto</width>
      <align>center</align>
      <height>80</height>
      <itemgap>10</itemgap>
      <onleft>noop</onleft>
      <onright>noop</onright>
      <onup>5</onup>
      <ondown>9001</ondown>
      <orientation>horizontal</orientation>
      <control type="button" id="28" description="OK">
        <width>300</width>
        <label>186</label>
      </control>
      <control type="button" id="29" description="Cancel">
        <width>300</width>
        <label>222</label>
      </control>
      <control type="button" id="1200" description="Default">
        <width>300</width>
        <label>409</label>
      </control>
      <control type="button" id="20" description="Settings Level">
        <width>300</width>
        <label></label>
        <onclick>SettingsLevelChange</onclick>
      </control>
    </control>
    <control type="grouplist" id="5" description="Stage">
      <centerleft>960</centerleft>
      <top>180</top>
      <width>1320</width>
      <height>780</height>
      <itemgap>10</itemgap>
      <onup>3</onup>
      <ondown>8999</ondown>
      <onleft>0</onleft>
      <onright>60</onright>
      <pagecontrol>60</pagecontrol>
    </control>
    <control type="button" id="7" description="Default Button">
      <font>size33</font>
      <align>left</align>
    </control>
    <control type="radiobutton" id="8" description="Default RadioButton">
      <font>size33</font>
      <align>left</align>
      <radioleft>1260</radioleft>
    </control>
    <control type="spincontrolex" id="9" description="Default spincontrolex">
      <font>size33</font>
      <reverse>yes</reverse>
    </control>
    <control type="button" id="10" description="Default togglebutton">
      <font>size30</font>
      <width>260</width>
      <align>left</align>
      <texturenofocus></texturenofocus>
    </control>
    <control type="image" id="11" description="DO NOT REMOVE">
      <height>1</height>
      <texture>images/Line.png</texture>
    </control>
    <control type="edit" id="12">
      <include>DefaultSettingButton</include>
    </control>
    <control type="sliderex" id="13" description="Default Slider Control">
      <font>size33</font>
      <width>900</width>
      <textwidth>800</textwidth>
    </control>
    <control type="label" id="14">
      <label></label>
      <font>size36</font>
      <textcolor>Blue</textcolor>
    </control>
    <control type="colorbutton" id="15">
      <description>Default ColorButton</description>
      <font>size36</font>
    </control>
  </controls>
</window>
