<?xml version="1.0" encoding="UTF-8"?>
<window>
  <defaultcontrol always="true">13</defaultcontrol>
  <include>DialogOpenClose</include>
  <controls>
  <visible>!Window.IsVisible(FileBrowser)</visible>
    <control type="image" description="Dialog">
        <width>1920</width>
        <height>1080</height>
        <aspectratio>stretch</aspectratio>
        <texture>images/Black.png</texture>
		<colordiffuse>AAFFFFFF</colordiffuse>
      </control>
	  <control type="image" description="Dialog">
	  <left>-60</left>
	  <top>-60</top>
        <width>2040</width>
        <height>1150</height>
        <aspectratio>stretch</aspectratio>
        <texture border="150">images/White.png</texture>
        <colordiffuse>dialog</colordiffuse>
      </control>
  <control type="image">
        <left>595</left>
        <top>100</top>
        <width>2</width>
        <height>750</height>
        <texture>images/LineV.png</texture>
      </control>
      <control type="image">
        <left>1064</left>
        <top>100</top>
        <width>2</width>
        <height>750</height>
        <texture>images/LineV.png</texture>
      </control>
	  <control type="image">
        <left>1534</left>
        <top>100</top>
        <width>2</width>
        <height>750</height>
        <texture>images/LineV.png</texture>
      </control>
	  <control type="image">
        <left>120</left>
        <top>190</top>
        <width>1680</width>
        <height>1</height>
        <texture>images/Line.png</texture>
      </control>
    <control type="group">
	<left>15</left>
      <control type="group">
        <control type="label">
          <description>header</description>
          <left>90</left>
          <top>90</top>
          <width>1740</width>
          <height>40</height>
          <label>19143</label>
          <align>center</align>
          <aligny>center</aligny>
          <textcolor>orange</textcolor>
        </control>
        <control type="group">
          <description>Group list</description>
          <left>120</left>
          <top>80</top>
          <control type="label">
            <description>name label</description>
            <visible>!Control.HasFocus(13)</visible>
            <top>55</top>
            <width>460</width>
            <height>60</height>
            <font>Size26</font>
            <label>19146</label>
            <align>center</align>
            <aligny>center</aligny>
            <textcolor>gray</textcolor>
          </control>
          <control type="label">
            <description>name label</description>
            <visible>Control.HasFocus(13)</visible>
            <top>55</top>
            <width>460</width>
            <height>60</height>
            <font>Size26</font>
            <label>19146</label>
            <align>center</align>
            <aligny>center</aligny>
            <textcolor>White2</textcolor>
          </control>
          <control type="list" id="13">
            <top>120</top>
            <width>460</width>
            <height>640</height>
            <onup>13</onup>
            <ondown>13</ondown>
            <onleft>29</onleft>
            <onright>11</onright>
            <pagecontrol>-</pagecontrol>
            <scrolltime>200</scrolltime>
            <itemlayout height="60">
              <control type="label">
                <left>10</left>
                <width>460</width>
                <height>60</height>
                <font>size26</font>
                <align>left</align>
                <aligny>center</aligny>
                <selectedcolor>orange</selectedcolor>
                <info>ListItem.Label</info>
              </control>
            </itemlayout>
            <focusedlayout height="60">
              <control type="image">
                <width>460</width>
                <height>60</height>
                <texture border="10">images/Buttonselect.png</texture>
                <visible>Control.HasFocus(13)</visible>
              </control>
              <control type="label">
                <left>10</left>
                <width>460</width>
                <height>60</height>
                <font>size26</font>
                <align>left</align>
                <aligny>center</aligny>
                <selectedcolor>orange</selectedcolor>
                <info>ListItem.Label</info>
              </control>
            </focusedlayout>
          </control>
        </control>
        <control type="group">
          <description>Channels list</description>
          <left>590</left>
          <top>80</top>
          <control type="label">
            <description>name label</description>
            <visible>!Control.HasFocus(11)</visible>
            <top>55</top>
            <width>460</width>
            <height>60</height>
            <font>Size26</font>
            <align>center</align>
            <aligny>center</aligny>
            <textcolor>gray</textcolor>
            <info>Control.GetLabel(21)</info>
          </control>
          <control type="label">
            <description>name label</description>
            <visible>Control.HasFocus(11)</visible>
            <top>55</top>
            <width>460</width>
            <height>60</height>
            <font>Size26</font>
            <align>center</align>
            <aligny>center</aligny>
            <textcolor>White2</textcolor>
            <info>Control.GetLabel(21)</info>
          </control>
          <control type="list" id="11">
            <top>120</top>
            <width>460</width>
            <height>640</height>
            <onup>11</onup>
            <ondown>11</ondown>
            <onleft>13</onleft>
            <onright>12</onright>
            <pagecontrol>-</pagecontrol>
            <scrolltime>200</scrolltime>
            <itemlayout height="60">
              <control type="label">
                <left>10</left>
                <width>450</width>
                <height>60</height>
                <font>size26</font>
                <align>left</align>
                <aligny>center</aligny>
                <label>$INFO[ListItem.ChannelNumber,(,) - ]$INFO[ListItem.ChannelName]</label>
              </control>
              <control type="image">
                <width>40</width>
                <height>40</height>
                <left>470</left>
                <top>10</top>
                <texture fallback="images/ThumbBorder3.png" border="3">$INFO[ListItem.Icon]</texture>
              </control>
            </itemlayout>
            <focusedlayout height="60">
              <control type="image">
                <width>460</width>
                <height>60</height>
                <texture border="10">images/Buttonselect.png</texture>
                <visible>Control.HasFocus(11)</visible>
              </control>
              <control type="label">
                <left>10</left>
                <width>450</width>
                <height>60</height>
                <font>size26</font>
                <align>left</align>
                <aligny>center</aligny>
                <textcolor>orange</textcolor>
                <label>$INFO[ListItem.ChannelNumber,(,) - ]$INFO[ListItem.ChannelName]</label>
              </control>
              <control type="image">
                <width>40</width>
                <height>40</height>
                <left>470</left>
                <top>10</top>
                <texture fallback="images/ThumbBorder3.png" border="3">$INFO[ListItem.Icon]</texture>
              </control>
            </focusedlayout>
          </control>
        </control>
        <control type="group">
          <description>Grouped Channels list</description>
          <left>1060</left>
          <top>80</top>
          <control type="label">
            <description>name label</description>
            <visible>!Control.HasFocus(12)</visible>
            <top>55</top>
            <width>460</width>
            <height>60</height>
            <font>Size26</font>
            <align>center</align>
            <aligny>center</aligny>
            <textcolor>gray</textcolor>
            <info>Control.GetLabel(22)</info>
          </control>
          <control type="label">
            <description>name label</description>
            <visible>Control.HasFocus(12)</visible>
            <top>55</top>
            <width>460</width>
            <height>60</height>
            <font>Size26</font>
            <align>center</align>
            <aligny>center</aligny>
            <textcolor>White2</textcolor>
            <info>Control.GetLabel(22)</info>
          </control>
          <control type="list" id="12">
            <top>120</top>
            <width>460</width>
            <height>640</height>
            <onup>12</onup>
            <ondown>12</ondown>
            <onleft>11</onleft>
            <onright>29</onright>
            <pagecontrol>-</pagecontrol>
            <scrolltime>200</scrolltime>
            <itemlayout height="60">
              <control type="label">
                <left>10</left>
                <width>450</width>
                <height>60</height>
                <font>size26</font>
                <align>left</align>
                <aligny>center</aligny>
                <textcolor>Grey2</textcolor>
                <selectedcolor>selected</selectedcolor>
                <label>$INFO[ListItem.ChannelNumber,(,) - ]$INFO[ListItem.ChannelName]</label>
              </control>
              <control type="image">
                <width>40</width>
                <height>40</height>
                <left>470</left>
                <top>10</top>
                <texture fallback="images/ThumbBorder3.png" border="3">$INFO[ListItem.Icon]</texture>
              </control>
            </itemlayout>
            <focusedlayout height="60">
              <control type="image">
                <width>460</width>
                <height>60</height>
                <texture border="10">images/Buttonselect.png</texture>
                <visible>Control.HasFocus(12)</visible>
              </control>
              <control type="label">
                <left>10</left>
                <width>450</width>
                <height>60</height>
                <font>size26</font>
                <align>left</align>
                <aligny>center</aligny>
                <textcolor>orange</textcolor>
                <label>$INFO[ListItem.ChannelNumber,(,) - ]$INFO[ListItem.ChannelName]</label>
              </control>
              <control type="image">
                <width>40</width>
                <height>40</height>
                <left>470</left>
                <top>10</top>
                <texture fallback="images/ThumbBorder3.png" border="3">$INFO[ListItem.Icon]</texture>
              </control>
            </focusedlayout>
          </control>
        </control>
      </control>
    </control>
    <control type="grouplist" id="9000">
      <left>1560</left>
      <top>300</top>
      <width>230</width>
      <height>400</height>
      <itemgap>2</itemgap>
      <align>center</align>
      <orientation>vertical</orientation>
      <onleft>12</onleft>
      <onright>13</onright>
      <onup>9000</onup>
      <ondown>9000</ondown>
	   <control type="button" id="29">
        <description>OK</description>
        <width>230</width>
		<height>80</height>
        <include>SmallButt</include>
        <label>186</label>
      </control>
      <control type="button" id="26">
        <description>Add Group</description>
        <width>230</width>
		<height>80</height>
        <include>SmallButt</include>
        <label>$LOCALIZE[31060] $LOCALIZE[19141]</label>
      </control>
      <control type="button" id="27">
        <description>Rename Group</description>
        <width>230</width>
		<height>80</height>
        <include>SmallButt</include>
        <label>$LOCALIZE[118] $LOCALIZE[19141]</label>
      </control>
      <control type="button" id="28">
        <description>Delete Group</description>
        <width>230</width>
		<height>80</height>
        <include>SmallButt</include>
        <label>$LOCALIZE[117] $LOCALIZE[19141]</label>
      </control>
    </control>
    <orientation>horizontal</orientation>
    <align>center</align>
    <control type="label">
      <description>Selected Group label</description>
      <left>170</left>
      <top>860</top>
      <width>1580</width>
      <align>center</align>
      <label>[COLOR gray]$LOCALIZE[19207][/COLOR] $INFO[Control.GetLabel(20)]</label>
    </control>
    <control type="label" id="20">
      <description>Fake Label</description>
      <visible>false</visible>
    </control>
    <control type="label" id="22">
      <description>Fake Label</description>
      <visible>false</visible>
    </control>
    <control type="label" id="21">
      <description>Fake Label</description>
      <visible>false</visible>
    </control>
  </controls>
</window>
