<?xml version="1.0" encoding="UTF-8"?>
<window id="126">
    <defaultcontrol always="true">450</defaultcontrol>
    <allowoverlay>no</allowoverlay>
    <include>OpenClose</include>
    <controls>
        <control type="group">
            <include>BlackBackground</include>
            <control type="label" id="411" description="Heading">
                <include>Heading</include>
                <label>-</label>
            </control>
            <control type="group" description="Group 450">
                <control type="group">
                    <top>142</top>
                    <left>1020</left>
                    <control type="list" id="450">
                        <width>802</width>
                        <height>830</height>
                        <onleft>9000</onleft>
                        <onright>60</onright>
                        <onup>450</onup>
                        <ondown>450</ondown>
                        <pagecontrol>60</pagecontrol>
                        <scrolltime tween="sine" easing="inout">280</scrolltime>
                        <itemlayout width="802" height="81">
                            <include>Arrow</include>
                            <control type="label" description="Main Label">
                                <include>50Label</include>
                                <label>$INFO[ListItem.Label]</label>
                            </control>
                        </itemlayout>
                        <focusedlayout width="802" height="81">
                            <control type="image">
                                <top>12</top>
                                <left>-50</left>
                                <height>70</height>
                                <width>905</width>
                                <texture>shadow.png</texture>
                            </control>
                            <control type="image">
                                <height>70</height>
                                <width>805</width>
                                <texture border="8">images/White.png</texture>
                            </control>
                            <include>Arrow</include>
                            <control type="label" description="Main Label">
                                <include>50LabelFO</include>
                                <label>$INFO[ListItem.Label]</label>
                            </control>
                        </focusedlayout>
                    </control>
                </control>
            </control>
        </control>
        <control type="group" description="Group 451">
            <control type="group" description="List">
                <left>1020</left>
                <top>131</top>
                <control type="list" id="451">
                    <left>0</left>
                    <top>0</top>
                    <width>802</width>
                    <height>885</height>
                    <onleft>9000</onleft>
                    <onright>noop</onright>
                    <onup>451</onup>
                    <ondown>451</ondown>
                    <pagecontrol>60</pagecontrol>
                    <focusposition>3</focusposition>
                    <movement>4</movement>
                    <scrolltime tween="sine" easing="inout">280</scrolltime>
                    <itemlayout width="802" height="111">
                        <control type="image">
                            <height>111</height>
                            <width>111</width>
                            <bordersize>6</bordersize>
                            <texture>$INFO[ListItem.Icon]</texture>
                            <aspectratio>keep</aspectratio>
                        </control>
                        <control type="label" description="Main Label">
                            <visible>!ListItem.IsParentFolder</visible>
                            <scroll>false</scroll>
                            <textcolor>darktext</textcolor>
                            <left>135</left>
                            <height>111</height>
                            <width>600</width>
                            <label>$INFO[ListItem.Label]</label>
                        </control>
                    </itemlayout>
                    <focusedlayout width="802" height="111">
                        <control type="image">
                            <top>12</top>
                            <left>-50</left>
                            <height>111</height>
                            <width>905</width>
                            <texture>shadow.png</texture>
                        </control>
                        <control type="image">
                            <height>111</height>
                            <width>805</width>
                            <texture border="8">images/White.png</texture>
                        </control>
                        <include>Arrow</include>
                        <control type="image">
                            <left>0</left>
                            <top>0</top>
                            <height>111</height>
                            <width>111</width>
                            <bordersize>6</bordersize>
                            <texture>$INFO[ListItem.Icon]</texture>
                            <aspectratio>keep</aspectratio>
                        </control>
                        <control type="label" description="Main Label">
                            <textcolor>darktext</textcolor>
                            <left>135</left>
                            <height>111</height>
                            <width>600</width>
                            <label>$INFO[ListItem.Label]</label>
                        </control>
                    </focusedlayout>
                </control>
            </control>
        </control>
        <control type="group" description="Thumbs">
            <control type="image" description="Item Thumb">
                <visible>!SubString(Control.GetLabel(416),*)</visible>
                <centerleft>520</centerleft>
                <centertop>430</centertop>
                <width>600</width>
                <height>600</height>
                <fadetime>200</fadetime>
                <texture>$INFO[ListItem.Icon]</texture>
                <aspectratio align="center">keep</aspectratio>
            </control>
            <control type="image" description="Item Thumb">
                <visible>SubString(Control.GetLabel(416),*)</visible>
                <centerleft>520</centerleft>
                <centertop>430</centertop>
                <width>600</width>
                <height>600</height>
                <fadetime>200</fadetime>
                <texture flipx="true">$INFO[ListItem.Icon]</texture>
                <aspectratio>keep</aspectratio>
            </control>
        </control>
        <control type="grouplist" id="9000">
            <centerleft>520</centerleft>
            <top>800</top>
            <orientation>horizontal</orientation>
            <onleft>450</onleft>
            <onright>450</onright>
            <ondown>9001</ondown>
            <align>center</align>
            <control type="button" id="413" description="Ok">
                <width>300</width>
                <include>DialogButt</include>
                <label>186</label>
            </control>
            <control type="button" id="414" description="Cancel">
                <width>300</width>
                <include>DialogButt</include>
                <label>222</label>
            </control>
        </control>
        <control type="grouplist" id="9001">
            <centerleft>520</centerleft>
            <top>900</top>
            <orientation>horizontal</orientation>
            <onleft>450</onleft>
            <onright>450</onright>
            <onup>9000</onup>
            <align>center</align>
            <control type="button" id="415" description="Create folder">
                <width>300</width>
                <include>DialogButt</include>
                <label>119</label>
            </control>
            <control type="radiobutton" id="416" description="Horizontal Flip">
                <width>300</width>
                <include>DialogButt</include>
                <label>$LOCALIZE[749]</label>
            </control>
        </control>
        <control type="label" id="412" description="Main Label">
            <left>30</left>
            <top>1029</top>
            <height>45</height>
            <width>1050</width>
            <scroll>false</scroll>
            <haspath>true</haspath>
            <font>size22</font>
            <textcolor>gray</textcolor>
            <label>$INFO[ListItem.Label]</label>
        </control>
    </controls>
</window>
