<?xml version="1.0" encoding="UTF-8"?>
<includes>
    <variable name="WatchStatus">
        <value condition="ListItem.IsResumable + !Control.IsVisible(53)">inprogress.png</value>
        <value>$INFO[ListItem.Overlay]</value>
    </variable>

    <variable name="RootLabel" description="Windows Name and Items details">
        <value condition="Container.content(movies) + String.IsEqual(Container.FolderName,$LOCALIZE[369])">$LOCALIZE[20342]</value>
        <value condition="Container.content(tvshows) + String.IsEqual(Container.FolderName,$LOCALIZE[369])">$LOCALIZE[20343]</value>
        <value condition="Container.content(musicvideos) + String.IsEqual(Container.FolderName,$LOCALIZE[369])">$LOCALIZE[20389]</value>
        <value condition="Window.IsActive(AddonBrowser.xml) + String.IsEmpty(Container.FolderName)">$LOCALIZE[31037]</value>
        <value condition="Window.IsActive(MyVideoPlaylist.xml)">$LOCALIZE[20012]</value>
        <value condition="Window.IsActive(MyMusicPlaylist.xml)">$LOCALIZE[20011]</value>
        <value condition="Window.IsActive(DialogVideoInfo.xml)">$LOCALIZE[20159]</value>
        <value condition="Window.IsActive(DialogAlbumInfo.xml) + container.content(albums)">$LOCALIZE[13351]</value>
        <value condition="Window.IsActive(DialogAlbumInfo.xml) + container.content(artists)">$LOCALIZE[21891]</value>
        <value condition="Window.IsActive(DialogSongInfo.xml) + container.content(songs)">$LOCALIZE[658]</value>
        <value condition="Window.IsActive(DialogAddonInfo.xml)">$LOCALIZE[24003]</value>
        <value condition="Window.IsActive(weather)">$INFO[Window(Weather)]</value>
        <value condition="Window.IsActive(MyPics.xml)">$LOCALIZE[1]</value>
        <value condition="Window.IsActive(MyPrograms.xml)">$LOCALIZE[0]</value>
        <value condition="Window.IsActive(MyPVR.xml) + [Control.HasFocus(13) | Control.HasFocus(34) | Control.HasFocus(14) | Control.HasFocus(35) | Control.HasFocus(17) | Control.HasFocus(36)]">$INFO[Control.GetLabel(29)]</value>
        <value condition="Window.IsActive(MyPVR.xml)">$INFO[Control.GetLabel(30)]</value>
        <value>$INFO[Container.FolderName]</value>
    </variable>

    <variable name="TopLabel" description="Infos">
        <value condition="!Container.content(Addons) + Window.IsActive(MyPics.xml)">$INFO[ListItem.Date,, • ]$INFO[ListItem.Size]</value>
        <value condition="Container.content(Albums)">$INFO[ListItem.Label]</value>
        <value condition="Container.Content(Episodes)">$INFO[ListItem.Premiered,, • ]$INFO[ListItem.Duration,, $LOCALIZE[12391]]</value>
        <value condition="Container.Content(Addons)">$INFO[ListItem.Property(Addon.Creator),  ]</value>
        <value condition="Container.Content(songs)">$INFO[ListItem.Album]</value>
        <value condition="Container.Content(MusicVideos)">$INFO[ListItem.Label]</value>
        <value condition="Container.Content(Movies) + ListItem.IsCollection">$INFO[ListItem.Year]</value>
        <value condition="Container.Content(Movies) + String.IsEmpty(ListItem.Trailer)">$INFO[ListItem.Year,, • ]$INFO[ListItem.Duration,, $LOCALIZE[31038]]$VAR[MPAAS, • Rated ]</value>
        <value condition="Container.Content(Movies) + !String.IsEmpty(ListItem.Trailer)">$INFO[ListItem.Year,, • ]$INFO[ListItem.Duration,, $LOCALIZE[31038]] • $LOCALIZE[20410, • ]$VAR[MPAAS, • Rated ]</value>
        <value condition="Container.Content(Seasons) | Container.Content(TVShows)">$INFO[ListItem.Year,, • ]$INFO[ListItem.Property(TotalEpisodes),, $LOCALIZE[20453]]$INFO[ListItem.MPAA, • ]</value>
        <value>$INFO[ListItem.Label2]</value>
    </variable>

    <variable name="MPAAS">
        <value condition="substring(ListItem.MPAA,TV)">$INFO[ListItem.MPAA]</value>
        <value condition="substring(ListItem.MPAA,PG-13)">PG-13</value>
        <value condition="substring(ListItem.MPAA,Rated R)">R</value>
        <value condition="substring(ListItem.MPAA,PG)">PG</value>
        <value condition="substring(ListItem.MPAA,NC-17)">NC-17</value>
        <value condition="substring(ListItem.MPAA,G)">G</value>
        <value>NA</value>
    </variable>

    <variable name="Plots">
        <value condition="Container.Content(Addons) + !String.IsEmpty(ListItem.AddonDescription)">$INFO[ListItem.AddonDescription]</value>
        <value condition="SubString(ListItem.IsCollection)">$LOCALIZE[20457]</value>
        <value condition="[Container.Content(Movies) | Container.Content(TVShows) | Container.Content(Episodes)] + !String.IsEmpty(ListItem.Plot)">$INFO[ListItem.Plot]</value>
        <value condition="Container.Content(Seasons) + !String.IsEmpty(Container.ShowPlot)">$INFO[Container.ShowPlot]</value>
        <value condition="Container.Content(albums) + !String.IsEmpty(ListItem.Property(Album_Description))">$INFO[ListItem.Property(Album_Description)]</value>
        <value condition="Container.Content(artists) + !String.IsEmpty(ListItem.Property(Artist_Description))">$INFO[ListItem.Property(Artist_Description)]</value>
        <value condition="!String.IsEmpty(ListItem.Plot)">$INFO[ListItem.Plot]</value>
    </variable>

    <variable name="pvrosd" description="pvrOSDchoiche">
        <value condition="Skin.HasSetting(osdch)">$LOCALIZE[19069]</value>
        <value >$LOCALIZE[19019]</value>
    </variable>

    <variable name="nowplay">
        <value condition="Pvr.IsPlayingTV">$INFO[]</value>
        <value condition="String.IsEmpty(Player.Art(tvshow.poster))">$INFO[VideoPlayer.Cover]</value>
        <value>$INFO[Player.Art(tvshow.poster)]</value>
    </variable>

    <variable name="fanart">
        <value condition="String.IsEmpty(ListItem.Art(fanart)) | Container.Content(Albums) | Container.Content(episodes)">$INFO[ListItem.Icon]</value>
        <value>$INFO[ListItem.Art(fanart)]</value>
    </variable>

    <variable name="shelfcontent">
        <value condition="String.IsEqual(Container(9000).ListItem.Property(defaultID),movies) + String.IsEqual(Skin.String(moviesshelf),WL)">special://skin/playlists/inprogress_movies.xsp</value>
        <value condition="String.IsEqual(Container(9000).ListItem.Property(defaultID),movies) + String.IsEqual(Skin.String(moviesshelf),RND)">special://skin/playlists/random_movies.xsp</value>
        <value condition="String.IsEqual(Container(9000).ListItem.Property(defaultID),movies)">videodb://recentlyaddedmovies/</value>
        <value condition="String.IsEqual(Container(9000).ListItem.Property(defaultID),episodes) + String.IsEqual(Skin.String(TVshelf),1)">special://skin/playlists/random_episodes.xsp</value>
        <value condition="String.IsEqual(Container(9000).ListItem.Property(defaultID),episodes) + String.IsEqual(Skin.String(TVshelf),2)">plugin://service.library.data.provider?type=recommendedepisodes&amp;limit=18&amp;reload=$INFO[Window.Property(recommendedepisodes)]</value>
        <value condition="String.IsEqual(Container(9000).ListItem.Property(defaultID),episodes)">videodb://recentlyaddedepisodes</value>
        <value condition="String.IsEqual(Container(9000).ListItem.Property(defaultID),addons)">addons://recently_updated/</value>
        <value condition="String.IsEqual(Container(9000).ListItem.Property(defaultID),music) + String.IsEqual(Skin.String(musicshelf),artists) + Library.HasContent(Music)">special://skin/playlists/random_albums.xsp</value>
        <value condition="String.IsEqual(Container(9000).ListItem.Property(defaultID),music) + String.IsEqual(Skin.String(musicshelf),albums) + Library.HasContent(Music)">musicdb://recentlyplayedalbums/</value>
        <value condition="String.IsEqual(Container(9000).ListItem.Property(defaultID),music) + Library.HasContent(Music)">musicdb://recentlyaddedalbums/</value>
        <value>$INFO[Container(9000).ListItem.Property(list)]</value>
    </variable>


    <variable name="shelflabel">

       <!--
         <value condition="String.IsEqual(Container(9000).ListItem.Property(defaultID),movies) + String.IsEqual(Skin.String(moviesshelf),WL)">$LOCALIZE[31046]</value>
        <value condition="String.IsEqual(Container(9000).ListItem.Property(defaultID),movies) + String.IsEqual(Skin.String(moviesshelf),RND)">$LOCALIZE[590]</value>
        <value condition="String.IsEqual(Container(9000).ListItem.Property(defaultID),movies) + String.IsEqual(Skin.String(moviesshelf),)">$LOCALIZE[20386]</value>

        <value condition="String.IsEqual(Container(9000).ListItem.Property(defaultID),episodes) + String.IsEqual(Skin.String(TVshelf),2)">$LOCALIZE[31048]</value>
        <value condition="String.IsEqual(Container(9000).ListItem.Property(defaultID),episodes) + String.IsEqual(Skin.String(TVshelf),1)">$LOCALIZE[590]</value>
        <value condition="String.IsEqual(Container(9000).ListItem.Property(defaultID),episodes)">$LOCALIZE[20387]</value>

        <value condition="String.IsEqual(Container(9000).ListItem.Property(defaultID),music) + Library.HasContent(Music) + String.IsEqual(Skin.String(musicshelf),albums)">$LOCALIZE[517]</value>
        <value condition="String.IsEqual(Container(9000).ListItem.Property(defaultID),music) + Library.HasContent(Music) + String.IsEqual(Skin.String(musicshelf),artists)">$LOCALIZE[590]</value>
        <value condition="String.IsEqual(Container(9000).ListItem.Property(defaultID),music) + Library.HasContent(Music)">$LOCALIZE[359]</value>

        <value condition="String.IsEqual(Container(9000).ListItem.Property(defaultID),addons)">Recently Updated Addons</value>

        <value condition="Container(9000).HasFocus(344)"> </value>

        <value condition="Container(9000).HasFocus(355)"> </value> -->

        <!--GENERAL-->
        <value>$INFO[Container(9000).ListItem.Property(widgetName)]</value>
    </variable>

    <variable name="audiochannels">
        <value condition="String.IsEqual(ListItem.AudioChannels,8)">7.1</value>
        <value condition="String.IsEqual(ListItem.AudioChannels,6)">5.1</value>
        <value condition="String.IsEqual(ListItem.AudioChannels,5)">4.1</value>
        <value condition="String.IsEqual(ListItem.AudioChannels,3)">2.1</value>
        <value condition="String.IsEqual(ListItem.AudioChannels,2)">STEREO</value>
        <value>$INFO[ListItem.AudioChannels]</value>
    </variable>

    <variable name="infosuggestions">
        <value condition="Container.Content(movies)">plugin://script.extendedinfo?info=similarmovies&amp;&amp;dbid=$INFO[ListItem.DBID]&amp;&amp;limit=20</value>
        <value condition="Container.Content(tvshows) | Container.Content(episodes)">special://skin/playlists/random_tvshows.xsp</value>
    </variable>

    <variable name="locandine">
        <value condition="Container.Content(episodes)">$INFO[ListItem.Art(thumb)]</value>
        <value condition="!String.IsEmpty(ListItem.Art(season.poster))">$INFO[ListItem.Art(season.poster)]</value>
        <value condition="!String.IsEmpty(ListItem.Art(poster))">$INFO[ListItem.Art(poster)]</value>
        <value condition="Container.Content(studios)">resource://resource.images.studios.white/$INFO[ListItem.Label,,.png]</value>
        <value condition="Container.Content(years)">DefaultYear_Blank.png</value>
        <value condition="Container.Content(countries)">DefaultCountry_.png</value>
        <value condition="Container.Content(genres) + Window.IsActive(Music)">special://home/addons/sio2x.extrapack/music_extrapack/$INFO[ListItem.Label].jpg</value>
        <value>$INFO[ListItem.Icon]</value>
    </variable>


</includes>
