<?xml version="1.0" encoding="UTF-8"?>
<window>
    <backgroundcolor>background</backgroundcolor>
    <defaultcontrol always="true">50</defaultcontrol>
    <onunload>RunScript(script.skinshortcuts,type=buildxml&amp;mainmenuID=9000&amp;level=1)</onunload>
    <allowoverlay>no</allowoverlay>
    <include>OpenClose</include>
    <controls>
        <include>BlackBackground</include>
        <control type="group">
            <left>1020</left>
            <top>130</top>
            <control type="grouplist" id="50">
                <width>902</width>
                <height>950</height>
                <onleft>noop</onleft>
                <onright>noop</onright>
                <onup>50</onup>
                <ondown>50</ondown>
                <itemgap>14</itemgap>
                <control type="button" id="1">
                    <width>840</width>
                    <align>left</align>
                    <label>31052</label>
                    <texturenofocus border="8" colordiffuse="bandabianca">images/White.png</texturenofocus>
                    <onclick>RunScript(script.skinshortcuts,type=manage&amp;group=mainmenu)</onclick>
                </control>
                <control type="radiobutton" id="2">
                    <width>840</width>
                    <label>show fanart</label>
                    <texturenofocus border="8" colordiffuse="bandabianca">images/White.png</texturenofocus>
                    <selected>!Skin.HasSetting(fanartback)</selected>
                    <onclick>Skin.ToggleSetting(fanartback)</onclick>
                </control>
                <control type="button" id="3">
                    <width>840</width>
                    <align>left</align>
                    <label>31062</label>
                    <label2>$INFO[Skin.String(LyricPath)]</label2>
                    <texturenofocus border="8" colordiffuse="bandabianca">images/White.png</texturenofocus>
                    <onclick>Skin.SetAddon(LyricPath,xbmc.python.lyrics)</onclick>
                </control>
                <control type="radiobutton" id="4">
                    <width>840</width>
                    <align>left</align>
                    <label>31017</label>
                    <texturenofocus border="8" colordiffuse="bandabianca">images/White.png</texturenofocus>
                    <onclick>Skin.ToggleSetting(clock)</onclick>
                    <selected>!Skin.HasSetting(clock)</selected>
                </control>
                <control type="radiobutton" id="5">
                    <width>840</width>
                    <align>left</align>
                    <label>$LOCALIZE[31044]</label>
                    <texturenofocus border="8" colordiffuse="bandabianca">images/White.png</texturenofocus>
                    <onclick>Skin.ToggleSetting(ViewsMenuOff)</onclick>
                    <selected>!Skin.HasSetting(ViewsMenuOff)</selected>
                </control>
                <control type="radiobutton" id="9">
                    <width>840</width>
                    <align>left</align>
                    <label>$LOCALIZE[31045]</label>
                    <texturenofocus border="8" colordiffuse="bandabianca">images/White.png</texturenofocus>
                    <onclick>Skin.ToggleSetting(epthumb)</onclick>
                    <selected>Skin.HasSetting(epthumb)</selected>
                </control>
                <control type="radiobutton" id="10">
                    <width>840</width>
                    <align>left</align>
                    <label>$LOCALIZE[31047]</label>
                    <texturenofocus border="8" colordiffuse="bandabianca">images/White.png</texturenofocus>
                    <onclick>Skin.ToggleSetting(upcomingmovies)</onclick>
                    <selected>Skin.HasSetting(upcomingmovies)</selected>
                </control>
                <control type="radiobutton" id="11">
                    <width>840</width>
                    <align>left</align>
                    <label>$LOCALIZE[31042]</label>
                    <texturenofocus border="8" colordiffuse="bandabianca">images/White.png</texturenofocus>
                    <onclick>Skin.ToggleSetting(hidejump)</onclick>
                    <selected>Skin.HasSetting(hidejump)</selected>
                </control>
                <control type="button" id="6">
                    <width>840</width>
                    <align>left</align>
                    <label>$LOCALIZE[15111]:    $INFO[Skin.CurrentTheme]</label>
                    <texturenofocus border="8" colordiffuse="bandabianca">images/White.png</texturenofocus>
                    <onclick>Skin.Theme(1)</onclick>
                </control>
                <control type="button" id="7">
                    <width>840</width>
                    <align>left</align>
                    <label>$LOCALIZE[31036]</label>
                    <texturenofocus border="8" colordiffuse="bandabianca">images/White.png</texturenofocus>
                    <onclick>Skin.ResetSettings</onclick>
                    <onclick>RunScript(script.skinshortcuts,type=resetall)</onclick>
                    <onclick>XBMC.ReloadSkin()</onclick>
                </control>
                <control type="button" id="8">
                    <width>840</width>
                    <align>left</align>
                    <label>$LOCALIZE[31068]</label>
                    <texturenofocus border="8" colordiffuse="bandabianca">images/White.png</texturenofocus>
                    <onclick>Skin.ToggleDebug</onclick>
                </control>
            </control>
        </control>
        <control type="image">
            <centerleft>500</centerleft>
            <centertop>530</centertop>
            <height>520</height>
            <width>520</width>
            <texture>images/sio2logo.png</texture>
        </control>
        <control type="label">
            <include>Heading</include>
            <label>$LOCALIZE[20077]</label>
        </control>
    </controls>
</window>
