<?xml version="1.0" encoding="UTF-8"?>
<window>
    <defaultcontrol always="true">2</defaultcontrol>
    <allowoverlay>yes</allowoverlay>
    <include>OpenClose</include>
    <controls>
        <control type="image">
            <centerleft>920</centerleft>
            <top>0</top>
            <width>2000</width>
            <height>400</height>
            <colordiffuse>osdoverlay</colordiffuse>
            <texture border="8">images/White.png</texture>
        </control>
        <control type="group">
            <control type="label">
                <description>header label</description>
                <centerleft>960</centerleft>
                <width>1920</width>
                <align>center</align>
                <label>[UPPERCASE]$LOCALIZE[298][/UPPERCASE] - ($INFO[Container(11).NumItems]) $LOCALIZE[31001]</label>
                <font>size36</font>
            </control>
            <control type="list" id="11">
                <orientation>horizontal</orientation>
                <top>120</top>
                <width>1920</width>
                <height>400</height>
                <onleft>noop</onleft>
                <onright>noop</onright>
                <ondown>noop</ondown>
                <onup>9000</onup>
                <scrolltime>200</scrolltime>
                <viewtype label="536">icon</viewtype>
                <pagecontrol>-</pagecontrol>
                <orientation>vertical</orientation>
                <itemlayout height="270" width="360">
                    <control type="image">
                        <left>10</left>
                        <top>3</top>
                        <width>330</width>
                        <height>210</height>
                        <bordertexture border="1">images/ThumbBorder2.png</bordertexture>
                        <bordersize>4</bordersize>
                        <aspectratio>scale</aspectratio>
                        <info>ListItem.Icon</info>
                    </control>
                    <control type="label">
                        <left>10</left>
                        <top>225</top>
                        <width>330</width>
                        <height>22</height>
                        <font>size26</font>
                        <textcolor>darktext</textcolor>
                        <info>ListItem.Label</info>
                    </control>
                </itemlayout>
                <focusedlayout height="270" width="360">
                    <control type="image">
                        <left>10</left>
                        <top>3</top>
                        <width>330</width>
                        <height>210</height>
                        <bordertexture border="1">images/ThumbBorder3.png</bordertexture>
                        <bordersize>4</bordersize>
                        <info>ListItem.Icon</info>
                        <aspectratio>scale</aspectratio>
                    </control>
                    <control type="label">
                        <left>10</left>
                        <top>225</top>
                        <width>330</width>
                        <height>22</height>
                        <font>size26</font>
                        <info>ListItem.Label</info>
                    </control>
                </focusedlayout>
            </control>
            <control type="grouplist" id="9000">
                <top>70</top>
                <width>1920</width>
                <height>30</height>
                <itemgap>30</itemgap>
                <align>center</align>
                <orientation>horizontal</orientation>
                <onleft>9000</onleft>
                <onright>9000</onright>
                <onup>11</onup>
                <ondown>11</ondown>
                <control type="button" id="2">
                    <description>Create Bookmark button</description>
                    <width>375</width>
                    <height>30</height>
                    <include>osdtopbutton</include>
                    <label>294</label>
                </control>
                <control type="button" id="3">
                    <description>Clear Bookmark button</description>
                    <width>375</width>
                    <height>30</height>
                    <include>osdtopbutton</include>
                    <label>296</label>
                </control>
                <control type="button" id="4">
                    <description>Clear Bookmark button</description>
                    <width>375</width>
                    <height>30</height>
                    <include>osdtopbutton</include>
                    <label>20406</label>
                    <visible>videoplayer.content(episodes)</visible>
                </control>
            </control>
        </control>
    </controls>
</window>
