<?xml version="1.0" encoding="UTF-8"?>
<window id="2901">
    <defaultcontrol always="true">100</defaultcontrol>
    <allowoverlay>yes</allowoverlay>
    <zorder>2</zorder>
    <controls>
        <control type="group">
            <visible>!Window.IsVisible(subtitlesearch) + !Window.IsVisible(10123) + !Window.IsVisible(10124) + !Window.IsVisible(10125)</visible>
            <animation effect="fade" start="0" end="100" time="200">VisibleChange</animation>
            <control type="group" id="111" description="Options content">
                <top>1080</top>
                <!-- todo here -->
                <animation condition="Focus" effect="slide" start="0,0" end="0,-300" time="600">Conditional</animation>
                <animation condition="!ControlGroup(111).HasFocus()" effect="slide" start="0,-300" end="0,0" time="600">Conditional</animation>
                <control type="image">
                    <centerleft>960</centerleft>
                    <width>1880</width>
                    <height>470</height>
                    <colordiffuse>osdoverlay</colordiffuse>
                    <texture border="20">images/diffusebanner.png</texture>
                </control>
                <control type="grouplist" id="101" description="OSD more infos">
                    <left>200</left>
                    <width>1520</width>
                    <height>80</height>
                    <align>left</align>
                    <itemgap>0</itemgap>
                    <onleft>noop</onleft>
                    <onright>noop</onright>
                    <onup>100</onup>
                    <ondown condition="Control.HasFocus(704)">9000</ondown>
                    <ondown condition="Control.HasFocus(706)">8000</ondown>
                    <ondown>noop</ondown>
                    <orientation>horizontal</orientation>
                    <align>center</align>
                    <scrolltime>240</scrolltime>
                    <control type="button" id="706" description="Info">
                        <font>size36B</font>
                        <include>osdtopbutton</include>
                        <label>29915</label>
                        <!--<onclick>SetFocus(100,2)</onclick>-->
                    </control>
                    <control type="button" id="704" description="audio and subtitles">
                        <font>size36B</font>
                        <include>osdtopbutton</include>
                        <label>$LOCALIZE[292] &amp; $LOCALIZE[287]</label>
                        <onclick>SetFocus(100,2)</onclick>
                        <onclick>Close</onclick>
                        <onclick>ActivateWindow(OSDAudioSettings)</onclick>
                    </control>
                </control>
                <control type="group" description="Video Info">
                    <visible>Control.HasFocus(706)</visible>
                    <control type="image">
                        <centertop>185</centertop>
                        <centerleft>255</centerleft>
                        <height>195</height>
                        <width>300</width>
                        <texture background="true">$INFO[Player.Art(fanart)]</texture>
                        <aspectratio>scale</aspectratio>
                        <onclick></onclick>
                    </control>
                    <control type="grouplist" description="Video INFOSPLOT">
                        <left>470</left>
                        <top>80</top>
                        <onup>706</onup>
                        <height>300</height>
                        <align>left</align>
                        <control type="label">
                            <height>40</height>
                            <label>$LOCALIZE[180]: $INFO[Player.Duration(hh:mm)]</label>
                            <textcolor>lightgray</textcolor>
                        </control>
                        <control type="textbox">
                            <height>150</height>
                            <width>1300</width>
                            <label>$INFO[VideoPlayer.Plot]</label>
                            <textcolor>lightgray</textcolor>
                        </control>
                    </control>
                </control>

                <control type="group" description="Audio and Subtitles">
                    <visible>Control.HasFocus(704) | ControlGroup(9000).HasFocus</visible>
                    <control type="group" id="9000">
                        <top>80</top>
                        <control type="grouplist" description="Language" id="9001">
                            <left>335</left>
                            <height>340</height>
                            <width>480</width>
                            <align>left</align>
                            <onup>704</onup>
                            <onright>9002</onright>
                            <onleft>noop</onleft>
                            <ondown>noop</ondown>
                            <itemgap>0</itemgap>
                            <control type="label" id="9010">
                                <font>size21B</font>
                                <height>30</height>
                                <label>[UPPERCASE]$LOCALIZE[304][/UPPERCASE]</label>
                                <textoffsetx>50</textoffsetx>
                                <textcolor>lightgray</textcolor>
                            </control>
                            <control type="button" id="9011">
                                <font>size33</font>
                                <height>40</height>
                                <include>osdtopbutton</include>
                                <!--todo localize NEXT Audio-->
                                <label>$LOCALIZE[209] $LOCALIZE[304]</label>
                                <textoffsetx>50</textoffsetx>
                                <textcolor>lightgray</textcolor>
                                <onclick>Action(AudioNextLanguage)</onclick>
                            </control>
                            <control type="label" id="9012">
                                <font>size33</font>
                                <height>40</height>
                                <include>osdtopbutton</include>
                                <label>$LOCALIZE[304]: $INFO[VideoPlayer.AudioLanguage]</label>
                                <textoffsetx>50</textoffsetx>
                                <textcolor>lightgray</textcolor>
                            </control>
                        </control>
                        <control type="grouplist" description="Subtitles" id="9002">
                            <left>815</left>
                            <height>340</height>
                            <width>480</width>
                            <align>left</align>
                            <onup>704</onup>
                            <onright>9003</onright>
                            <onleft>9001</onleft>
                            <ondown>noop</ondown>
                            <itemgap>0</itemgap>
                            <control type="label" id="9013">
                                <font>size21B</font>
                                <height>30</height>
                                <label>[UPPERCASE]$LOCALIZE[287][/UPPERCASE]</label>
                                <textoffsetx>50</textoffsetx>
                                <textcolor>lightgray</textcolor>
                            </control>
                            <control type="togglebutton" id="9014">
                                <font>size33</font>
                                <height>40</height>
                                <textoffsetx>50</textoffsetx>
                                <include>osdtopbutton</include>
                                <alttexturenofocus>-</alttexturenofocus>
                                <alttexturefocus>-</alttexturefocus>
                                <!--todo localize NEXT SUBTITLE-->
                                <label>$LOCALIZE[287] Off</label>
                                <altlabel>$LOCALIZE[287] On </altlabel>
                                <textcolor>lightgray</textcolor>
                                <onclick>Action(ShowSubtitles)</onclick>
                                <usealttexture>VideoPlayer.SubtitlesEnabled</usealttexture>
                            </control>
                            <control type="button" id="9015">
                                <font>size33</font>
                                <height>40</height>
                                <textoffsetx>50</textoffsetx>
                                <include>osdtopbutton</include>
                                <!--todo localize NEXT SUBTITLE-->
                                <label>$LOCALIZE[209] $LOCALIZE[287]</label>
                                <textcolor>lightgray</textcolor>
                                <onclick>Action(NextSubtitle)</onclick>
                            </control>
                            <control type="button" id="9016">
                                <font>size33</font>
                                <height>40</height>
                                <textoffsetx>50</textoffsetx>
                                <include>osdtopbutton</include>
                                <label>Find More</label>
                                <onclick>ActivateWindow(subtitlesearch)</onclick>
                            </control>
                            <control type="label" id="9017">
                                <font>size33</font>
                                <height>40</height>
                                <include>osdtopbutton</include>
                                <label>$LOCALIZE[304]: $INFO[VideoPlayer.SubtitlesLanguage]</label>
                                <textoffsetx>50</textoffsetx>
                                <textcolor>lightgray</textcolor>
                            </control>
                        </control>
                        <control type="grouplist" description="audioprefs" id="9003">
                            <left>1295</left>
                            <height>340</height>
                            <width>410</width>
                            <align>left</align>
                            <onup>704</onup>
                            <onright>noop</onright>
                            <onleft>9002</onleft>
                            <ondown>noop</ondown>
                            <itemgap>0</itemgap>
                            <control type="label" id="9018">
                                <font>size21B</font>
                                <height>30</height>
                                <label>[UPPERCASE]suono[/UPPERCASE]</label>
                                <textoffsetx>50</textoffsetx>
                                <textcolor>lightgray</textcolor>
                            </control>
                            <control type="button" id="9019" description="audio offset">
                                <font>size33</font>
                                <height>40</height>
                                <include>osdtopbutton</include>
                                <label>297</label>
                                <textoffsetx>50</textoffsetx>
                                <textcolor>lightgray</textcolor>
                                <onclick>SetFocus(100,2)</onclick>
                                <onclick>Action(audiodelay)</onclick>
                            </control>
                        </control>
                    </control>
                </control>

                <control type="image">
                    <centerleft>960</centerleft>
                    <top>70</top>
                    <width>2220</width>
                    <height>1</height>
                    <texture>images/Line.png</texture>
                    <colordiffuse>dimgray</colordiffuse>
                </control>
            </control>
        </control>
        <!-- PROGRESSBAR E COMANDI -->
        <control type="group">
            <visible>![Window.IsActive(DialogSelect.xml) | Window.IsActive(SliderDialog) | Window.IsActive(OSDVideoSettings) | Window.IsActive(OSDAudioSettings) | Window.IsActive(VideoBookmarks) | Window.IsActive(script-XBMC-Subtitles-main.xml)]</visible>
            <animation effect="fade" end="100" time="400">Visible</animation>
            <animation effect="fade" end="0" time="100">Hidden</animation>
            <animation condition="!ControlGroup(100).HasFocus()" effect="slide" start="0,0" end="0,-300" time="600">Conditional</animation>
            <control type="progress" description="Cache Progress">
                <top>970</top>
                <left>110</left>
                <!--Player.Caching-->
                <width>1700</width>
                <height>10</height>
                <reveal>true</reveal>
                <texturebg border="4">Seekbar/ProgressBG.png</texturebg>
                <lefttexture>Seekbar/ProgressL.png</lefttexture>
                <midtexture>Seekbar/ProgressM.png</midtexture>
                <righttexture>Seekbar/ProgressR.png</righttexture>
                <colordiffuse>FF333366</colordiffuse>
                <info>Player.ProgressCache</info>
            </control>
            <control type="progress" id="23" description="Progress Bar">
                <top>970</top>
                <left>110</left>
                <width>1700</width>
                <height>10</height>
                <reveal>true</reveal>
                <texturebg border="4">Seekbar/ProgressBG.png</texturebg>
                <lefttexture border="4">Seekbar/ProgressL.png</lefttexture>
                <midtexture>Seekbar/ProgressM.png</midtexture>
                <righttexture border="4">Seekbar/ProgressR.png</righttexture>
                <info>Player.Progress</info>
            </control>
            <control type="label">
                <top>985</top>
                <left>110</left>
                <width>195</width>
                <height>30</height>
                <label>$INFO[Player.Time]</label>
                <textcolor>lightgray</textcolor>
                <shadowcolor>black</shadowcolor>
                <font>size26</font>
            </control>
            <control type="label">
                <top>985</top>
                <right>110</right>
                <height>30</height>
                <width>295</width>
                <align>right</align>
                <label>- $INFO[Player.TimeRemaining] / $INFO[Player.FinishTime]</label>
                <textcolor>lightgray</textcolor>
                <shadowcolor>black</shadowcolor>
                <font>size26</font>
            </control>
            <control type="label" description="Title">
                <left>120</left>
                <bottom>110</bottom>
                <height>60</height>
                <width>940</width>
                <scroll>true</scroll>
                <font>size33B</font>
                <label>[B]$INFO[VideoPlayer.Title][/B]</label>
            </control>
            <!-- COMANDI PLAYER -->
            <control type="grouplist" id="100">
                <right>100</right>
                <bottom>100</bottom>
                <onright>100</onright>
                <onleft>100</onleft>
                <onup>noop</onup>
                <ondown>101</ondown>
                <width>700</width>
                <height>100</height>
                <align>right</align>
                <orientation>horizontal</orientation>
                <control type="button" id="1">
                    <include>osdbutton</include>
                    <texturenofocus colordiffuse="dimgray">Seekbar/OSDPrevious.png</texturenofocus>
                    <texturefocus>Seekbar/OSDPrevious.png</texturefocus>
                    <visible>!Pvr.IsPlayingTV</visible>
                    <onclick>PlayerControl(Previous)</onclick>
                    <label></label>
                </control>
                <control type="button" id="2">
                    <include>osdbutton</include>
                    <texturenofocus colordiffuse="dimgray">Seekbar/OSDup.png</texturenofocus>
                    <texturefocus>Seekbar/OSDup.png</texturefocus>
                    <visible>Pvr.IsPlayingTV</visible>
                    <onclick>PlayerControl(Previous)</onclick>
                    <label></label>
                </control>
                <control type="button" id="3">
                    <include>osdbutton</include>
                    <texturenofocus colordiffuse="dimgray">Seekbar/OSDdown.png</texturenofocus>
                    <texturefocus>Seekbar/OSDdown.png</texturefocus>
                    <visible>Pvr.IsPlayingTV</visible>
                    <onclick>PlayerControl(Next)</onclick>
                    <label></label>
                </control>
                <control type="button" id="4">
                    <include>osdbutton</include>
                    <texturenofocus colordiffuse="dimgray">Seekbar/OSDRW.png</texturenofocus>
                    <texturefocus>Seekbar/OSDRW.png</texturefocus>
                    <visible>!Pvr.IsPlayingTV</visible>
                    <onclick>PlayerControl(Rewind)</onclick>
                    <label></label>
                </control>
                <control type="togglebutton" id="5">
                    <include>osdbutton</include>
                    <texturenofocus colordiffuse="dimgray">Seekbar/OSDPause.png</texturenofocus>
                    <texturefocus>Seekbar/OSDPause.png</texturefocus>
                     <!-- Immagine quando il player È in pausa -->
                    <usealttexture>true</usealttexture>
                    <alttexturenofocus colordiffuse="dimgray">Seekbar/OSDPlay.png</alttexturenofocus>
                    <alttexturefocus>Seekbar/OSDPlay.png</alttexturefocus>
                     <!-- Stato attivo = player in pausa -->
                    <selected>Player.Paused</selected>
                    <onclick>PlayerControl(Play)</onclick>
                    <label></label>
                </control>
                <control type="button" id="7">
                    <include>osdbutton</include>
                    <texturenofocus colordiffuse="dimgray">Seekbar/OSDStop.png</texturenofocus>
                    <texturefocus>Seekbar/OSDStop.png</texturefocus>
                    <onclick>PlayerControl(Stop)</onclick>
                    <label></label>
                </control>
                <control type="button" id="8">
                    <include>osdbutton</include>
                    <visible>Pvr.IsPlayingTv</visible>
                    <texturenofocus colordiffuse="dimgray">Seekbar/OSDchn.png</texturenofocus>
                    <texturefocus>Seekbar/OSDchn.png</texturefocus>
                    <onclick>PlayerControl(PVROSDChannels)</onclick>
                    <label></label>
                </control>
                <control type="button" id="9">
                    <include>osdbutton</include>
                    <visible>Pvr.IsPlayingTv</visible>
                    <texturenofocus colordiffuse="dimgray">Seekbar/OSDpvr.png</texturenofocus>
                    <texturefocus>Seekbar/OSDpvr.png</texturefocus>
                    <onclick>PlayerControl(PVROSDGuide)</onclick>
                    <label></label>
                </control>
                <control type="button" id="10">
                    <include>osdbutton</include>
                    <visible>Pvr.IsPlayingTv</visible>
                    <texturenofocus colordiffuse="dimgray">Seekbar/OSDtxt.png</texturenofocus>
                    <texturefocus>Seekbar/OSDtxt.png</texturefocus>
                    <onclick>PlayerControl(Teletext)</onclick>
                    <label></label>
                </control>
                <control type="button" id="11">
                    <include>osdbutton</include>
                    <visible>!Pvr.IsPlayingTv</visible>
                    <texturenofocus colordiffuse="dimgray">Seekbar/OSDFW.png</texturenofocus>
                    <texturefocus>Seekbar/OSDFW.png</texturefocus>
                    <onclick>PlayerControl(Forward)</onclick>
                    <label></label>
                </control>
                <control type="button" id="12">
                    <include>osdbutton</include>
                    <visible>!Pvr.IsPlayingTv</visible>
                    <texturenofocus colordiffuse="dimgray">Seekbar/OSDNext.png</texturenofocus>
                    <texturefocus>Seekbar/OSDNext.png</texturefocus>
                    <onclick>PlayerControl(Next)</onclick>
                    <label></label>
                </control>
                <control type="button" id="13">
                    <include>osdbutton</include>
                    <visible>Player.CanRecord + !Pvr.IsRecording</visible>
                    <texturenofocus colordiffuse="dimgray">Seekbar/OSDrec.png</texturenofocus>
                    <texturefocus>Seekbar/OSDrec.png</texturefocus>
                    <onclick>PlayerControl(Record)</onclick>
                    <label></label>
                </control>
                <control type="button" id="14">
                    <include>osdbutton</include>
                    <visible>Player.CanRecord + Pvr.IsRecording</visible>
                    <texturenofocus colordiffuse="dimgray">Seekbar/OSDrecon.png</texturenofocus>
                    <texturefocus>Seekbar/OSDrecon.png</texturefocus>
                    <onclick>PlayerControl(Record)</onclick>
                    <label></label>
                </control>
                <control type="button" id="255">
                    <include>osdbutton</include>
                    <visible>VideoPlayer.IsStereoscopic</visible>
                    <texturenofocus colordiffuse="dimgray">Seekbar/OSD3D.png</texturenofocus>
                    <texturefocus>Seekbar/OSD3D.png</texturefocus>
                    <onclick>SetFocus(500)</onclick>
                    <label></label>
                </control>
            </control>
        </control>
        <!-- CLEARLOGO -->
        <control type="image">
            <right>50</right>
            <top>50</top>
            <width>375</width>
            <height>150</height>
            <aspectratio>keep</aspectratio>
            <texture background="true">$INFO[Player.Art(logo)]</texture>
        </control>
        <!-- BUTTON MORE INFOS -->
        <control type="group">
            <visible>!ControlGroup(111).HasFocus()</visible>
            <visible>!Window.IsVisible(10123) + !Window.IsVisible(10124) + !Window.IsVisible(10125) + !Window.IsVisible(Dialogselect.xml)</visible>
            <animation type="Visible">
                <effect type="fade" tween="circle" easing="in" start="0" end="100" time="800" />
            </animation>
            <control type="button">
                <centerleft>960</centerleft>
                <top>1050</top>
                <width>50</width>
                <height>20</height>
                <texturenofocus>images/Dialogpull.png</texturenofocus>
                <texturefocus>images/Dialogpull.png</texturefocus>
                <onclick>SetFocus(101)</onclick>
            </control>
            <control type="label">
                <centerleft>960</centerleft>
                <top>1020</top>
                <width>500</width>
                <height>30</height>
                <align>center</align>
                <font>XS</font>
                <textcolor>white</textcolor>
                <label>$LOCALIZE[31054]</label>
            </control>
        </control>
        <!-- 3D stuff -->
        <control type="group">
            <visible>VideoPlayer.IsStereoscopic + ![Window.IsVisible(SliderDialog) | Window.IsVisible(OSDVideoSettings) | Window.IsVisible(OSDAudioSettings) | Window.IsVisible(Dialogselect.xml)]</visible>
            <visible allowhiddenfocus="true">ControlGroup(500).HasFocus</visible>
            <animation effect="fade" time="200">VisibleChange</animation>
            <control type="image">
                <centerleft>960</centerleft>
                <centertop>540</centertop>
                <width>800</width>
                <height>350</height>
                <aspectratio>stretch</aspectratio>
                <texture border="8">images/White.png</texture>
                <colordiffuse>dialog</colordiffuse>
            </control>
            <control type="grouplist" id="500">
                <centerleft>960</centerleft>
                <centertop>540</centertop>
                <width>500</width>
                <height>500</height>
                <align>center</align>
                <itemgap>0</itemgap>
                <onleft>100</onleft>
                <onright>100</onright>
                <onup>noop</onup>
                <ondown>noop</ondown>
                <orientation>vertical</orientation>
                <include>VisibleFade</include>
                <control type="group">
                    <description>Header</description>
                    <width>500</width>
                    <height>80</height>
                    <control type="label" id="">
                        <top>20</top>
                        <width>500</width>
                        <height>15</height>
                        <font>Size33</font>
                        <label>36501</label>
                        <align>center</align>
                        <aligny>center</aligny>
                    </control>
                </control>
                <control type="radiobutton" id="503">
                    <width>500</width>
                    <font>Size33</font>
                    <label>24022</label>
                    <onclick>ToggleStereoMode</onclick>
                    <selected>IntegerGreaterThan(System.StereoscopicMode,0)</selected>
                    <pulseonselect>false</pulseonselect>
                </control>
                <control type="button" id="502">
                    <width>500</width>
                    <align>left</align>
                    <font>Size33</font>
                    <label>3D Mode Selection</label>
                    <onclick>StereoMode</onclick>
                </control>
                <control type="radiobutton" id="501">
                    <width>500</width>
                    <font>Size33</font>
                    <label>Force 2D</label>
                    <onclick>StereoModeToMono</onclick>
                    <selected>Integer.IsEqual(System.StereoscopicMode,9)</selected>
                    <pulseonselect>false</pulseonselect>
                </control>
            </control>
        </control>
    </controls>
</window>
