<?xml version="1.0" encoding="UTF-8"?>
<window id="20">
    <backgroundcolor>lightgray</backgroundcolor>
    <defaultcontrol always="true">50</defaultcontrol>
    <allowoverlay>no</allowoverlay>
    <views>50</views>
    <controls>
        <include>BlackBackground</include>
        <control type="group" description="BigList">
              <visible>Control.IsVisible(50)</visible>
              <include>left_Panel</include>
              <control type="group">
                  <include>LargeListItemCount</include>
                  <left>1020</left>
                  <top>110</top>
                  <control type="fixedlist" id="50">
                      <width>802</width>
                      <height>900</height>
                      <onleft>noop</onleft>
                      <onright>noop</onright>
                      <onup>50</onup>
                      <ondown>50</ondown>
                      <viewtype label="537">Big List</viewtype>
                      <focusposition>3</focusposition>
                      <movement>4</movement>
                      <preloaditems>4</preloaditems>
                      <scrolltime>250</scrolltime>
                      <itemlayout  width="802" height="111">
                          <include>Arrow</include>
                          <control type="label" description="Main Label">
                              <animation condition="String.IsEmpty(ListItem.label2)" effect="slide" start="0,0" end="0,18" time="0" reversible="true">Conditional</animation>
                              <left>45</left>
                              <width>717</width>
                              <include>BigListTitle</include>
                              <label>$INFO[ListItem.label]</label>
                          </control>
                          <control type="label" description="Label2">
                              <width>630</width>
                              <left>45</left>
                              <include>BigListDetails</include>
                              <label>$INFO[ListItem.label2]</label>
                          </control>
                      </itemlayout>
                      <focusedlayout width="802" height="111">
                          <control type="group">
                              <animation effect="zoom" time="120" start="100" end="105" center="auto" easing="Out">Focus</animation>
                              <control type="image">
                                  <top>22</top>
                                  <left>-50</left>
                                  <height>100</height>
                                  <width>902</width>
                                  <texture>shadow.png</texture>
                              </control>
                              <control type="image">
                                  <height>100</height>
                                  <width>802</width>
                                  <texture border="8">images/White.png</texture>
                              </control>
                              <include>Arrow</include>
                              <control type="label" description="Main Label">
                                  <animation condition="String.IsEmpty(ListItem.label2)" effect="slide" start="0,0" end="0,18" time="0" reversible="true">Conditional</animation>
                                  <left>45</left>
                                  <width>717</width>
                                  <include>BigListTitleFO</include>
                                  <label>$INFO[ListItem.label]</label>
                              </control>
                              <control type="label" description="Label2">
                                  <width>630</width>
                                  <left>45</left>
                                  <include>BigListDetails</include>
                                  <label>$INFO[ListItem.label2]</label>
                              </control>
                          </control>
                      </focusedlayout>
                  </control>
              </control>
          </control>
        <include>WindowsTopInfos</include>
        <control type="group" id="9000">
            <visible allowhiddenfocus="true">ControlGroup(9000).HasFocus()</visible>
            <animation effect="slide" time ="300" start="0,-140" end="0,0">VisibleChange</animation>
            <control type="image">
                <centerleft>960</centerleft>
                <width>2000</width>
                <height>140</height>
                <texture border="8">images/White.png</texture>
                <colordiffuse>bandamusica</colordiffuse>
            </control>
            <control type="button" id="604" description="Settings">
                <top>40</top>
                <align>center</align>
                <width>1920</width>
                <height>60</height>
                <onup>5000</onup>
                <ondown>5000</ondown>
                <onright>noop</onright>
                <include>musictopbutton</include>
                <onclick>SendClick(5)</onclick>
                <onclick>SetFocus(5000)</onclick>
                <label>$LOCALIZE[10004]</label>
            </control>
        </control>
    </controls>
</window>
