<?xml version="1.0" encoding="UTF-8"?>
<window id="107">
    <type>dialog</type>
    <controls>
        <control type="group">
            <visible>!Window.IsActive(videoosd)</visible>
            <animation effect="slide" end="0,140" condition="Window.IsActive(DialogExtendedProgressBar.xml)">Conditional</animation>
            <left>1325</left>
            <top>55</top>
            <animation effect="fade" start="0" end="100" time="500">WindowOpen</animation>
            <animation effect="fade" start="100" end="0" time="500">WindowClose</animation>
            <control type="image" description="Dialog BG">
                <width>520</width>
                <height>130</height>
                <texture border="20" colordiffuse="AA666666">images/diffusehome.png</texture>
            </control>
            <control type="image" id="400" description="File Icon">
                <left>20</left>
                <top>17</top>
                <width>90</width>
                <height>90</height>
                <aspectratio>keep</aspectratio>
            </control>
            <control type="label" id="401" description="Heading">
                <top>30</top>
                <left>120</left>
                <width>390</width>
                <height>20</height>
                <font>size27B</font>
                <align>left</align>
                <shadowcolor>-</shadowcolor>
                <label>-</label>
            </control>
            <control type="textbox" id="402" description="Message">
                <left>120</left>
                <top>52</top>
                <width>390</width>
                <height>64</height>
                <font>size22</font>
                <align>left</align>
                <shadowcolor>-</shadowcolor>
                <label>-</label>
            </control>
        </control>
    </controls>
</window>
