<?xml version="1.0" encoding="UTF-8"?>
<window type="dialog" id="115">
    <defaultcontrol always="true">901</defaultcontrol>
    <allowoverlay>yes</allowoverlay>
    <zorder>5</zorder>
    <include>OpenClose</include>
    <visible>![Window.IsVisible(SliderDialog) | Window.IsVisible(OSDVideoSettings) | Window.IsVisible(OSDAudioSettings) | Window.IsVisible(VideoBookmarks) | Window.IsVisible(Dialogselect.xml)]</visible>
    <visible>Window.IsVisible(FullScreenVideo) + [Window.IsActive(videoosd.xml) | Player.DisplayAfterSeek | Player.Seeking | Player.Forwarding | Player.Rewinding | Player.Caching]</visible>
    <animation effect="fade" start="0" end="100" time="400">Visible</animation>
    <animation effect="fade" start="100" end="0" time="100">Hidden</animation>
    <controls>
        <control type="grouplist">
            <centerleft>860</centerleft>
            <bottom>120</bottom>
            <orientation>horizontal</orientation>
            <control type="image" description="Seek time label">
                <visible>!String.StartsWith(Player.SeekStepSize,-) + Player.Seeking</visible>
                <height>60</height>
                <width>60</width>
                <texture>images/FWD.png</texture>
                <animation effect="fade" time="200">VisibleChange</animation>
            </control>
            <control type="image" description="Seek time label">
                <visible>String.StartsWith(Player.SeekStepSize,-) + Player.Seeking</visible>
                <height>60</height>
                <width>60</width>
                <texture>images/BWD.png</texture>
                <animation effect="fade" time="200">VisibleChange</animation>
            </control>
             <control type="label" description="Seek time label">
                <height>60</height>
                <width>600</width>
                <label>$INFO[Player.SeekStepSize]</label>
                <animation effect="fade" time="200">VisibleChange</animation>
            </control>
        </control>
        <control type="group">
            <top>970</top>
            <left>110</left>
            <control type="slider" id="401">
                <left>20</left>
      					<width>1680</width>
      					<height>10</height>
      					<texturesliderbar border="4">Seekbar/ProgressBG.png</texturesliderbar>
      					<textureslidernib>Seekbar/ProgressM.png</textureslidernib>
      					<textureslidernibfocus colordiffuse="99000000">Seekbar/ProgressR.png</textureslidernibfocus>
                <visible>Player.Seeking</visible>
    				</control>
        </control>
        <control type="image" description="Buffer icon">
            <visible>Player.Caching</visible>
            <left>0</left>
            <include>OSDbarIcons</include>
            <texture border="2">busy/Busy.png</texture>
            <animation effect="rotate" start="360" end="0" center="auto" time="1200" loop="true" pulse="true" condition="true">conditional</animation>
        </control>
    </controls>
</window>
