<?xml version="1.0" encoding="UTF-8"?>
<window id="146">
    <defaultcontrol always="true">300</defaultcontrol>
    <include>OpenClose</include>
    <allowoverlay>no</allowoverlay>
    <controls>
        <include>BlackBackground</include>
        <include>Header</include>
        <control type="image">
            <width>1920</width>
            <height>1080</height>
            <colordiffuse>30FFFFFF</colordiffuse>
            <info>ListItem.Art(fanart)</info>
        </control>
        <control type="grouplist">
            <top>100</top>
            <centerleft>540</centerleft>
            <orientation>horizontal</orientation>
            <align>center</align>
            <itemgap>20</itemgap>
            <control type="label" description="Item Label">
                <width>auto</width>
                <height>40</height>
                <textcolor>darktext</textcolor>
                <font>Size42b</font>
                <align>center</align>
                <autoscroll time="6000" delay="8000" repeat="8000">true</autoscroll>
                <info>ListItem.AddonName</info>
            </control>
            <control type="label" description="Item Label">
                <width>auto</width>
                <height>52</height>
                <textcolor>darktext</textcolor>
                <font>Size22</font>
                <align>center</align>
                <autoscroll time="6000" delay="8000" repeat="8000">true</autoscroll>
                <info>ListItem.AddonVersion</info>
            </control>
        </control>
        <control type="label" description="summary">
            <top>150</top>
            <centerleft>540</centerleft>
            <width>900</width>
            <height>45</height>
            <font>size30</font>
            <textcolor>dimgray</textcolor>
            <align>center</align>
            <info>ListItem.AddonSummary</info>
        </control>
        <control type="textbox" description="Description">
            <centerleft>540</centerleft>
            <top>200</top>
            <width>900</width>
            <height>880</height>
            <align>justify</align>
            <textcolor>infos</textcolor>
            <autoscroll delay="6500" time="4000" repeat="10000"></autoscroll>
            <info>ListItem.AddonDescription</info>
        </control>
        <control type="image">
            <centerleft>1470</centerleft>
            <top>100</top>
            <width>300</width>
            <height>300</height>
            <texture>$INFO[ListItem.Icon]</texture>
        </control>
        <control type="label">
            <centerleft>1470</centerleft>
            <top>420</top>
            <width>800</width>
            <height>40</height>
            <textcolor>infos</textcolor>
            <label>$INFO[ListItem.AddonCreator,$LOCALIZE[31043]]</label>
        </control>
        <control type="textbox">
            <centerleft>1470</centerleft>
            <top>460</top>
            <font>Size22</font>
            <textcolor>red</textcolor>
            <align>justify</align>
            <width>800</width>
            <height>80</height>
            <info>ListItem.AddonDisclaimer</info>
        </control>
        <control type="group" description="Options">
            <control type="grouplist" id="300">
                <top>540</top>
                <right>50</right>
                <width>800</width>
                <align>center</align>
                <height>540</height>
                <itemgap>15</itemgap>
                <onup>noop</onup>
                <onleft>noop</onleft>
                <onright>noop</onright>
                <ondown>9001</ondown>
                <control type="button" id="6" description="Install">
                    <animation effect="zoom" time="120" start="100" end="110" center="auto" tween="Back" easing="Out">Focus</animation>
                    <label>24038</label>
                    <align>left</align>
                    <width>800</width>
                </control>
                <control type="button" id="7" description="Disable">
                    <animation effect="zoom" time="120" start="100" end="110" center="auto" tween="Back" easing="Out">Focus</animation>
                    <label>24021</label>
                    <align>left</align>
                    <width>800</width>
                </control>
                <control type="button" id="8" description="update">
                    <animation effect="zoom" time="120" start="100" end="110" center="auto" tween="Back" easing="Out">Focus</animation>
                    <label>24069</label>
                    <align>left</align>
                    <width>800</width>
                </control>
                <control type="button" id="9" description="settings">
                    <animation effect="zoom" time="120" start="100" end="110" center="auto" tween="Back" easing="Out">Focus</animation>
                    <label>5</label>
                    <align>left</align>
                    <width>800</width>
                </control>
                <control type="radiobutton" id="13" description="autoupdate">
                    <animation effect="zoom" time="120" start="100" end="110" center="auto" tween="Back" easing="Out">Focus</animation>
                    <label>-</label>
                    <width>800</width>
                </control>
                <control type="button" id="12" description="start">
                    <animation effect="zoom" time="120" start="100" end="110" center="auto" tween="Back" easing="Out">Focus</animation>
                    <label>-</label>
                    <align>left</align>
                    <width>800</width>
                </control>
            </control>
        </control>
    </controls>
</window>
