<?xml version="1.0" encoding="UTF-8"?>
<window type="buttonMenu">
  <defaultcontrol>9000</defaultcontrol>
  <include>DialogOpenClose</include>
  <controls>
    <control type="image" description="List back">
      <centerleft>960</centerleft>
      <centertop>540</centertop>
      <width>802</width>
      <height>500</height>
      <aspectratio>stretch</aspectratio>
      <texture border="50">images/ContextMenu.png</texture>
      <colordiffuse>dialog</colordiffuse>
    </control>
    <control type="grouplist" id="9000">
      <centertop>540</centertop>
      <height>580</height>
      <align>center</align>
      <include>DialogGLs</include>
      <control type="button" id="1" description="Exit button">
        <include>DialogButt</include>
        <onclick>Quit()</onclick>
        <label>13009</label>
      </control>
      <control type="button" id="2" description="Shutdown button">
        <visible>System.CanPowerDown</visible>
        <include>DialogButt</include>
        <onclick>Powerdown()</onclick>
        <label>13005</label>
      </control>
      <control type="button" id="3" description="Suspend button">
        <visible>System.CanSuspend</visible>
        <include>DialogButt</include>
        <onclick>Suspend()</onclick>
        <label>13011</label>
      </control>
      <control type="button" id="4" description="Reboot button">
        <visible>System.CanReboot</visible>
        <include>DialogButt</include>
        <onclick>Reset()</onclick>
        <label>13013</label>
      </control>
      <control type="button" id="5" description="LogOff">
        <visible>System.HasLoginScreen</visible>
        <include>DialogButt</include>
        <onclick>Activatewindow(29)</onclick>
        <label>logoff</label>
      </control>
      <control type="button" id="5" description="reload">
        <include>DialogButt</include>
        <onclick>ReloadSkin()</onclick>
        <label>Reload Skin</label>
      </control>
    </control>
  </controls>
</window>
