<?xml version="1.0" encoding="UTF-8"?>
<includes>
    <include name="ShelfFade">
        <animation effect="fade" start="0" end="100" delay="500" time="400" reversible="false">Visible</animation>
        <visible>Container(9000).Row(0)</visible>
    </include>
    <include name="GeneralShortcutsCommons">
        <include>ShelfFade</include>
        <visible>!Control.IsVisible(312) + !Control.IsVisible(313)</visible>
        <animation effect="slide" end="-100,0" time="250" condition="Container.Column(4)">Conditional</animation>
        <top>90</top>
        <width>2030</width>
        <height>630</height>
        <onup>noop</onup>
        <ondown>9000</ondown>
        <onleft>noop</onleft>
        <onright>noop</onright>
        <orientation>horizontal</orientation>
        <scrolltime>400</scrolltime>
        <itemlayout height="600" width="382">
            <control type="image">
                <left>90</left>
                <bottom>75</bottom>
                <width>335</width>
                <height>490</height>
                <texture background="true" fallback="DefaultVideoCover.png">$VAR[locandine]</texture>
                <aspectratio>scale</aspectratio>
            </control>
            <control type="image" description="WatchStatus">
                <left>373</left>
                <bottom>75</bottom>
                <height>52</height>
                <width>52</width>
                <aspectratio>keep</aspectratio>
                <texture>$VAR[WatchStatus]</texture>
            </control>
        </itemlayout>
        <focusedlayout height="600" width="392">
            <control type="group">
                <animation effect="zoom" start="100" end="112" time="120" center="257,300" tween="Back" easing="Out">Focus</animation>
                <animation effect="zoom" start="112" end="100" time="120" center="257,300">unFocus</animation>
                <control type="image">
                    <left>90</left>
                    <bottom>75</bottom>
                    <width>335</width>
                    <height>490</height>
                    <texture background="true" fallback="DefaultVideoCover.png">$VAR[locandine]</texture>
                    <aspectratio>scale</aspectratio>
                </control>
                <control type="image" description="WatchStatus">
                    <left>373</left>
                    <bottom>75</bottom>
                    <height>52</height>
                    <width>52</width>
                    <aspectratio>keep</aspectratio>
                    <texture>$VAR[WatchStatus]</texture>
                </control>
            </control>
            <control type="group" description="labels">
                <animation effect="fade" start="0" end="100" time="200" delay="100">Focus</animation>
                <animation effect="fade" start="100" end="0" time="200">unFocus</animation>
                <control type="label">
                    <visible>ControlGroup(700).HasFocus()</visible>
                    <centerleft>257</centerleft>
                    <bottom>8</bottom>
                    <width>350</width>
                    <height>30</height>
                    <font>size30B</font>
                    <label fallback="$INFO[ListItem.Label]">$INFO[ListItem.Title]</label>
                    <align>center</align>
                </control>
            </control>
        </focusedlayout>
    </include>
    <include name="EpisodeShortcutsCommons">
        <include>ShelfFade</include>
        <visible>!Control.IsVisible(311) + !Control.IsVisible(312)</visible>
        <top>110</top>
        <width>1920</width>
        <height>610</height>
        <onup>noop</onup>
        <ondown>9000</ondown>
        <onleft>noop</onleft>
        <onright>noop</onright>
        <orientation>horizontal</orientation>
        <scrolltime>400</scrolltime>
        <itemlayout height="610" width="840">
            <control type="image">
                <visible>!Skin.HasSetting(epthumb)</visible>
                <left>80</left>
                <top>45</top>
                <width>790</width>
                <height>450</height>
                <texture background="true" diffuse="images/epdiffuse.png">$INFO[ListItem.Art(thumb)]</texture>
                <aspectratio scalediffuse="false">scale</aspectratio>
            </control>
            <control type="image">
                <visible>Skin.HasSetting(epthumb)</visible>
                <left>80</left>
                <top>45</top>
                <width>790</width>
                <height>450</height>
                <texture background="true" diffuse="images/epdiffuse.png">$INFO[ListItem.Art(fanart)]</texture>
                <aspectratio scalediffuse="false">scale</aspectratio>
            </control>
            <control type="progress" description="progress">
                <visible>ListItem.IsResumable</visible>
                <centerleft>475</centerleft>
                <top>450</top>
                <width>710</width>
                <height>8</height>
                <texturebg>Seekbar/ProgressBG.png</texturebg>
                <lefttexture border="4">Seekbar/ProgressL.png</lefttexture>
                <midtexture border="4">Seekbar/ProgressM.png</midtexture>
                <righttexture border="4">Seekbar/ProgressR.png</righttexture>
                <info>ListItem.PercentPlayed</info>
            </control>
            <control type="label">
                <centerleft>475</centerleft>
                <top>500</top>
                <width>790</width>
                <height>40</height>
                <font>size30B</font>
                <scroll>false</scroll>
                <textcolor>dimgray</textcolor>
                <label>$INFO[ListItem.TVShowTitle]</label>
                <align>center</align>
            </control>
            <control type="label">
                <visible>!ListItem.IsResumable + Integer.IsEqual(ListItem.PlayCount,0)</visible>
                <top>400</top>
                <left>118</left>
                <width>335</width>
                <height>30</height>
                <font>size30B</font>
                <textcolor>white</textcolor>
                <!--<label>$LOCALIZE[]</label>-->
                <label>New Episode</label>
                <align>left</align>
            </control>
            <control type="label">
                <visible>!ListItem.IsResumable</visible>
                <top>434</top>
                <left>119</left>
                <width>335</width>
                <height>30</height>
                <font>size33</font>
                <textcolor>white</textcolor>
                <label>$LOCALIZE[20373]$INFO[ListItem.Season],$LOCALIZE[20359]$INFO[ListItem.Episode]</label>
                <align>left</align>
            </control>
            <control type="image" description="Studio">
                <centerleft>806</centerleft>
                <top>60</top>
                <width>70</width>
                <height>60</height>
                <texture colordiffuse="white">resource://resource.images.studios.white/$INFO[ListItem.Studio,,.png]</texture>
                <aspectratio>keep</aspectratio>
            </control>
        </itemlayout>
        <focusedlayout height="610" width="840">
            <control type="group">
                <animation effect="zoom" start="100" end="110" time="120" center="auto" tween="Back" easing="Out">Focus</animation>
                <animation effect="zoom" start="110" end="100" time="120" center="auto">unFocus</animation>
                <control type="image" description="shadow">
                    <animation effect="fade" start="0" end="100" time="150">Focus</animation>
                    <animation effect="fade" start="100" end="0" time="150">unFocus</animation>
                    <left>80</left>
                    <top>45</top>
                    <width>790</width>
                    <height>520</height>
                    <texture>shadow.png</texture>
                </control>
                <control type="image">
                    <visible>!Skin.HasSetting(epthumb)</visible>
                    <left>80</left>
                    <top>45</top>
                    <width>790</width>
                    <height>450</height>
                    <texture background="true" diffuse="images/epdiffuse.png">$INFO[ListItem.Art(thumb)]</texture>
                    <aspectratio scalediffuse="false">scale</aspectratio>
                </control>
                <control type="image">
                    <visible>Skin.HasSetting(epthumb)</visible>
                    <left>80</left>
                    <top>45</top>
                    <width>790</width>
                    <height>450</height>
                    <texture background="true" diffuse="images/epdiffuse.png">$INFO[ListItem.Art(fanart)]</texture>
                    <aspectratio scalediffuse="false">scale</aspectratio>
                </control>
                <control type="progress" description="progress">
                    <visible>ListItem.IsResumable</visible>
                    <centerleft>475</centerleft>
                    <top>450</top>
                    <width>710</width>
                    <height>8</height>
                    <texturebg>Seekbar/ProgressBG.png</texturebg>
                    <lefttexture border="4">Seekbar/ProgressL.png</lefttexture>
                    <midtexture border="4">Seekbar/ProgressM.png</midtexture>
                    <righttexture border="4">Seekbar/ProgressR.png</righttexture>
                    <info>ListItem.PercentPlayed</info>
                </control>
                <control type="label">
                    <centerleft>475</centerleft>
                    <top>500</top>
                    <width>790</width>
                    <height>40</height>
                    <font>size30B</font>
                    <scroll>false</scroll>
                    <label>$INFO[ListItem.TVShowTitle]</label>
                    <align>center</align>
                </control>
                <control type="label">
                    <visible>!ListItem.IsResumable</visible>
                    <top>400</top>
                    <left>118</left>
                    <width>335</width>
                    <height>30</height>
                    <font>size30B</font>
                    <!--<label>$LOCALIZE[]</label>-->
                    <!--todo localize-->
                    <label>New Episode</label>
                    <align>left</align>
                </control>
                <control type="label">
                    <visible>!ListItem.IsResumable</visible>
                    <top>434</top>
                    <left>119</left>
                    <width>335</width>
                    <height>30</height>
                    <font>size33</font>
                    <label>$LOCALIZE[20373]$INFO[ListItem.Season],$LOCALIZE[20359]$INFO[ListItem.Episode]</label>
                    <align>left</align>
                </control>
                <control type="image" description="Studio">
                    <centerleft>806</centerleft>
                    <top>60</top>
                    <width>70</width>
                    <height>60</height>
                    <texture colordiffuse="white">resource://resource.images.studios.white/$INFO[ListItem.Studio,,.png]</texture>
                    <aspectratio>keep</aspectratio>
                </control>
            </control>
        </focusedlayout>
    </include>
    <include name="shelfitems">
        <control type="panel" id="311" description="General Shelf Shortcuts">
            <!-- <visible>String.IsEqual(Container(9000).ListItem.label2,Posters)</visible> -->
            <include>GeneralShortcutsCommons</include>
            <content target="$INFO[Container(9000).ListItem.Property(widgetTarget)]">$INFO[Container(9000).ListItem.Property(widgetPath)]</content>
        </control>
    </include>
    <include name="Episodes">
        <control type="panel" id="313" description="Episodes Shelf Shortcuts">
            <visible>String.IsEqual(Container(9000).ListItem.label2,Episodes)</visible>
            <include>EpisodeShortcutsCommons</include>
            <content target="$INFO[Container(9000).ListItem.Property(widgetTarget)]">$INFO[Container(9000).ListItem.Property(widgetPath)]</content>
        </control>
    </include>
    <include name="Livetv">
        <control type="panel" id="314" description="LiveTV">
            <visible>String.IsEqual(Container(9000).ListItem.label2,livetv)</visible>
            <include>PosterShortcutsCommons</include>
            <content target="$INFO[Container(9000).ListItem.Property(widgetTarget)]">$INFO[Container(9000).ListItem.Property(widgetPath)]</content>
          <!-- <content target="video">pvr://channels/tv/*</content> -->
        </control>
    </include>
        <control type="group">
            <visible>String.IsEqual(Container(9000).ListItem.Property(label2),programs)</visible>
            <control type="panel" id="314" description="TOP Shortcuts">
                <onup>noop</onup>
                <ondown>9000</ondown>
                <onleft>314</onleft>
                <onright>314</onright>
                <include>SquareShortcutsCommons</include>
                <content></content>
            </control>
        </control>
</includes>
