<?xml version="1.0" encoding="UTF-8"?>
<window>
    <defaultcontrol>10</defaultcontrol>
    <allowoverlay>no</allowoverlay>
    <backgroundcolor>background</backgroundcolor>
    <views>10,11,12</views>
    <include>OpenClose</include>
    <controls>
        <include>BlackBackground</include>
        <control type="label" id="29">
            <description>passes the values up one level</description>
            <visible>False</visible>
        </control>
        <control type="label" id="30">
            <description>passes the values up one level</description>
            <visible>False</visible>
        </control>
        <control type="group" id="50">
            <include>OpenClose</include>
            <control type="group">
                <description>TV Guide Timeline</description>
                <visible>Control.IsVisible(10)</visible>
                <include>VisibleFade</include>
                <!--<control type="image">-->
                <!--<top>479</top>-->
                <!--<width>1920</width>-->
                <!--<height>600</height>-->
                <!--<texture>timelineback.png</texture>-->
                <!--</control>-->
                <control type="epggrid" id="10">
                    <description>EPG Grid</description>
                    <top>80</top>
                    <width>1920</width>
                    <height>999</height>
                    <pagecontrol>10</pagecontrol>
                    <scrolltime>350</scrolltime>
                    <timeblocks>36</timeblocks>
                    <rulerunit>6</rulerunit>
                    <progresstexture border="15">pvr/EpgProgressIndicator.png</progresstexture>
                    <onleft>31</onleft>
                    <onright>31</onright>
                    <onup>9000</onup>
                    <ondown>10</ondown>
                    <rulerlayout height="35">
                        <control type="label" id="2">
                            <left>10</left>
                            <width>34</width>
                            <height>29</height>
                            <font>font12</font>
                            <aligny>center</aligny>
                            <selectedcolor>red</selectedcolor>
                            <align>left</align>
                            <label>$INFO[ListItem.Label]</label>
                        </control>
                    </rulerlayout>
                    <channellayout height="50" width="380">
                        <!--<animation effect="fade" start="110" time="200">UnFocus</animation>-->
                        <control type="image" id="1">
                            <left>45</left>
                            <width>330</width>
                            <height>50</height>
                            <texture border="8" colordiffuse="99777777">pvr/pvrbutton.png</texture>
                        </control>
                        <control type="label">
                            <width>40</width>
                            <height>50</height>
                            <font>font12</font>
                            <align>right</align>
                            <aligny>center</aligny>
                            <textcolor>gray</textcolor>
                            <selectedcolor>red</selectedcolor>
                            <info>ListItem.ChannelNumber</info>
                        </control>
                        <control type="label" id="1">
                            <left>60</left>
                            <top>0</top>
                            <width>300</width>
                            <height>50</height>
                            <font>Size26</font>
                            <aligny>center</aligny>
                            <selectedcolor>red</selectedcolor>
                            <align>left</align>
                            <scroll>false</scroll>
                            <label>$INFO[ListItem.ChannelName]</label>
                        </control>
                    </channellayout>
                    <focusedchannellayout height="50" width="380">
                        <!--<animation effect="fade" start="110" time="200">OnFocus</animation>-->
                        <control type="image" id="1">
                            <left>45</left>
                            <width>330</width>
                            <height>50</height>
                            <texture border="8">pvr/pvrbutton.png</texture>
                        </control>
                        <control type="label">
                            <width>40</width>
                            <height>52</height>
                            <font>font12</font>
                            <align>right</align>
                            <aligny>center</aligny>
                            <textcolor>gray</textcolor>
                            <selectedcolor>red</selectedcolor>
                            <info>ListItem.ChannelNumber</info>
                        </control>
                        <control type="label" id="1">
                            <left>60</left>
                            <width>300</width>
                            <height>52</height>
                            <font>Size26</font>
                            <aligny>center</aligny>
                            <textcolor>black</textcolor>
                            <selectedcolor>red</selectedcolor>
                            <align>left</align>
                            <label>$INFO[ListItem.ChannelName]</label>
                        </control>
                    </focusedchannellayout>
                    <itemlayout height="50" >
                        <control type="image" id="2">
                            <width></width>
                            <height>50</height>
                            <aspectratio>stretch</aspectratio>
                            <texture border="8" fallback="pvr/pvrbutton.png" colordiffuse="ff666666">$INFO[ListItem.Property(GenreType),pvr/,.png]</texture>
                        </control>
                        <control type="label" id="1">
                            <visible>!ListItem.IsRecording</visible>
                            <left>10</left>
                            <width>-20</width>
                            <height>52</height>
                            <font>font12</font>
                            <aligny>center</aligny>
                            <textcolor>white</textcolor>
                            <shadowcolor>-</shadowcolor>
                            <align>left</align>
                            <scroll>false</scroll>
                            <label>$INFO[ListItem.Label]</label>
                        </control>
                        <control type="label" id="1">
                            <visible>ListItem.IsRecording</visible>
                            <left>25</left>
                            <width>-35</width>
                            <height>50</height>
                            <font>font12</font>
                            <aligny>center</aligny>
                            <textcolor>red</textcolor>
                            <shadowcolor>-</shadowcolor>
                            <align>left</align>
                            <label>$INFO[ListItem.Label]</label>
                        </control>
                        <control type="image">
                            <left>0</left>
                            <top>13</top>
                            <width>25</width>
                            <height>25</height>
                            <texture>pvr/rec.png</texture>
                            <visible>ListItem.IsRecording</visible>
                        </control>
                        <control type="image">
                            <left>0</left>
                            <top>13</top>
                            <width>25</width>
                            <height>25</height>
                            <texture>pvr/timer.png</texture>
                            <visible>ListItem.HasTimer + !ListItem.IsRecording</visible>
                        </control>
                    </itemlayout>
                    <focusedlayout height="50">
                        <control type="image" id="2">
                            <width>-</width>
                            <height>50</height>
                            <aspectratio>stretch</aspectratio>
                            <texture border="8" fallback="pvr/pvrbutton.png">$INFO[ListItem.Property(GenreType),pvr/,.png]</texture>
                        </control>
                        <control type="label" id="1">
                            <visible>!ListItem.IsRecording</visible>
                            <left>10</left>
                            <width>-20</width>
                            <height>50</height>
                            <font>font12</font>
                            <aligny>center</aligny>
                            <textcolor>black</textcolor>
                            <shadowcolor>-</shadowcolor>
                            <align>left</align>
                            <label>$INFO[ListItem.Label]</label>
                        </control>
                        <control type="label" id="1">
                            <visible>ListItem.IsRecording</visible>
                            <left>25</left>
                            <width>-35</width>
                            <height>50</height>
                            <font>font12</font>
                            <aligny>center</aligny>
                            <textcolor>white</textcolor>
                            <shadowcolor>-</shadowcolor>
                            <align>left</align>
                            <label>$INFO[ListItem.Label]</label>
                        </control>
                        <control type="image">
                            <left>0</left>
                            <top>13</top>
                            <width>25</width>
                            <height>25</height>
                            <texture>pvr/rec.png</texture>
                            <visible>ListItem.IsRecording</visible>
                        </control>
                        <control type="image">
                            <left>0</left>
                            <top>13</top>
                            <width>25</width>
                            <height>25</height>
                            <texture>pvr/timer.png</texture>
                            <visible>ListItem.HasTimer + !ListItem.IsRecording</visible>
                        </control>
                    </focusedlayout>
                </control>
            </control>
            <!--<control type="group">-->
            <!--<description>Timeline Media Window</description>-->
            <!--<visible>Control.IsVisible(10)</visible>-->
            <!--<left>1255</left>-->
            <!--<top>85</top>-->
            <!--<control type="image">-->
            <!--<visible>!Player.HasMedia</visible>-->
            <!--<width>580</width>-->
            <!--<height>350</height>-->
            <!--<texture>pvr/tvset.png</texture>-->
            <!--</control>-->
            <!--<control type="image">-->
            <!--<visible>Player.HasMedia</visible>-->
            <!--<width>580</width>-->
            <!--<height>350</height>-->
            <!--<texture>images/black.png</texture>-->
            <!--</control>-->
            <!--<control type="videowindow">-->
            <!--<width>580</width>-->
            <!--<height>350</height>-->
            <!--<visible>Player.HasVideo</visible>-->
            <!--</control>-->
            <!--<control type="visualisation">-->
            <!--<width>580</width>-->
            <!--<height>350</height>-->
            <!--<visible>Player.HasAudio</visible>-->
            <!--</control>-->
            <!--</control>-->
            <control type="group">
                <description>Small Media Window</description>
                <include>Icon_Fade</include>
                <visible>Control.IsVisible(11) | Control.IsVisible(12)</visible>
                <top>90</top>
                <left>120</left>
                <control type="image">
                    <visible>!Player.HasMedia</visible>
                    <width>760</width>
                    <height>495</height>
                    <texture>pvr/tvset.png</texture>
                </control>
                <control type="image">
                    <visible>Player.HasMedia</visible>
                    <width>760</width>
                    <height>495</height>
                    <texture>images/black.png</texture>
                </control>
                <control type="videowindow">
                    <width>760</width>
                    <height>495</height>
                    <visible>Player.HasVideo</visible>
                </control>
                <control type="visualisation">
                    <width>760</width>
                    <height>495</height>
                    <visible>Player.HasAudio</visible>
                </control>
            </control>
            <control type="group" description="NOW">
                <visible>Control.IsVisible(11)</visible>
                <include>VisibleFade</include>
                <include>left_Panel_livetv</include>
                <control type="group">
                    <left>1020</left>
                    <top>96</top>
                    <include>LargeListItemCount</include>
                    <control type="fixedlist" id="11">
                        <width>802</width>
                        <height>984</height>
                        <onleft>9000</onleft>
                        <onright>noop</onright>
                        <onup>11</onup>
                        <ondown>11</ondown>
                        <pagecontrol>60</pagecontrol>
                        <viewtype label="535">list</viewtype>
                        <focusposition>3</focusposition>
                        <movement>4</movement>
                        <preloaditems>4</preloaditems>
                        <scrolltime>250</scrolltime>
                        <itemlayout width="802" height="111">
                            <control type="label">
                                <animation condition="String.IsEmpty(ListItem.Title)" effect="slide" start="0,0" end="0,18" time="0" reversible="true">Conditional</animation>
                                <left>40</left>
                                <width>700</width>
                                <include>BigListTitle</include>
                                <label>$INFO[ListItem.ChannelNumber]$INFO[ListItem.Label, • ]</label>
                            </control>
                            <control type="label">
                                <left>45</left>
                                <width>640</width>
                                <include>BigListDetails</include>
                                <info>ListItem.Title</info>
                            </control>
                            <control type="image">
                                <left>710</left>
                                <top>15</top>
                                <width>81</width>
                                <height>81</height>
                                <aspectratio>keep</aspectratio>
                                <texture>$INFO[ListItem.Icon]</texture>
                                <visible>![ListItem.IsRecording | ListItem.HasTimer]</visible>
                            </control>
                            <control type="image" description="rec">
                                <left>720</left>
                                <top>15</top>
                                <height>81</height>
                                <width>81</width>
                                <texture>pvr/rec.png</texture>
                                <visible>ListItem.IsRecording</visible>
                            </control>
                            <control type="image" description="timer">
                                <left>720</left>
                                <top>15</top>
                                <height>81</height>
                                <width>81</width>
                                <texture>pvr/timer.png</texture>
                                <visible>!ListItem.IsRecording + ListItem.HasTimer</visible>
                            </control>
                        </itemlayout>
                        <focusedlayout height="111" width="802">
                            <control type="group">
                                <animation effect="zoom" time="120" start="100" end="105" center="auto" tween="Back" easing="Out">Focus</animation>
                                <control type="image">
                                    <top>22</top>
                                    <left>-50</left>
                                    <height>100</height>
                                    <width>905</width>
                                    <texture>shadow.png</texture>
                                </control>
                                <control type="image">
                                    <height>100</height>
                                    <width>805</width>
                                    <texture border="8">images/White.png</texture>
                                </control>
                                <control type="label">
                                    <animation condition="String.IsEmpty(ListItem.Title)" effect="slide" start="0,0" end="0,18" time="0" reversible="true">Conditional</animation>
                                    <left>40</left>
                                    <width>700</width>
                                    <include>BigListTitle</include>
                                    <label>$INFO[ListItem.ChannelNumber]$INFO[ListItem.Label, • ]</label>
                                </control>
                                <control type="label">
                                    <left>45</left>
                                    <width>640</width>
                                    <include>BigListDetails</include>
                                    <info>ListItem.Title</info>
                                </control>
                                <control type="image">
                                    <left>710</left>
                                    <top>15</top>
                                    <width>81</width>
                                    <height>81</height>
                                    <aspectratio>keep</aspectratio>
                                    <texture>$INFO[ListItem.Icon]</texture>
                                    <visible>![ListItem.IsRecording | ListItem.HasTimer]</visible>
                                </control>
                                <control type="image" description="rec">
                                    <left>720</left>
                                    <top>15</top>
                                    <height>81</height>
                                    <width>81</width>
                                    <texture>pvr/rec.png</texture>
                                    <visible>ListItem.IsRecording</visible>
                                </control>
                                <control type="image" description="timer">
                                    <left>720</left>
                                    <top>15</top>
                                    <height>81</height>
                                    <width>81</width>
                                    <texture>pvr/timer.png</texture>
                                    <visible>!ListItem.IsRecording + ListItem.HasTimer</visible>
                                </control>
                            </control>
                        </focusedlayout>
                    </control>
                </control>
            </control>
            <control type="group" description="NEXT">
                <visible>Control.IsVisible(12)</visible>
                <include>VisibleFade</include>
                <include>left_Panel_livetv</include>
                <control type="group">
                    <left>1020</left>
                    <top>96</top>
                    <include>LargeListItemCount</include>
                    <control type="fixedlist" id="12">
                        <width>802</width>
                        <height>984</height>
                        <onleft>9000</onleft>
                        <onright>noop</onright>
                        <onup>12</onup>
                        <ondown>12</ondown>
                        <pagecontrol>60</pagecontrol>
                        <viewtype label="535">list</viewtype>
                        <focusposition>3</focusposition>
                        <movement>4</movement>
                        <preloaditems>4</preloaditems>
                        <scrolltime>250</scrolltime>
                        <itemlayout width="802" height="111">
                            <control type="label">
                                <animation condition="String.IsEmpty(ListItem.Title)" effect="slide" start="0,0" end="0,18" time="0" reversible="true">Conditional</animation>
                                <left>40</left>
                                <width>700</width>
                                <include>BigListTitle</include>
                                <label>$INFO[ListItem.ChannelNumber]$INFO[ListItem.Label, • ]</label>
                            </control>
                            <control type="label">
                                <left>45</left>
                                <width>640</width>
                                <include>BigListDetails</include>
                                <info>ListItem.Title</info>
                            </control>
                            <control type="image">
                                <left>710</left>
                                <top>15</top>
                                <width>81</width>
                                <height>81</height>
                                <aspectratio>keep</aspectratio>
                                <texture>$INFO[ListItem.Icon]</texture>
                                <visible>![ListItem.IsRecording | ListItem.HasTimer]</visible>
                            </control>
                            <control type="image" description="rec">
                                <left>720</left>
                                <top>15</top>
                                <height>81</height>
                                <width>81</width>
                                <texture>pvr/rec.png</texture>
                                <visible>ListItem.IsRecording</visible>
                            </control>
                            <control type="image" description="timer">
                                <left>720</left>
                                <top>15</top>
                                <height>81</height>
                                <width>81</width>
                                <texture>pvr/timer.png</texture>
                                <visible>!ListItem.IsRecording + ListItem.HasTimer</visible>
                            </control>
                        </itemlayout>
                        <focusedlayout height="111" width="802">
                            <control type="group">
                                <animation effect="zoom" time="120" start="100" end="105" center="auto" tween="Back" easing="Out">Focus</animation>
                                <control type="image">
                                    <top>22</top>
                                    <left>-50</left>
                                    <height>100</height>
                                    <width>905</width>
                                    <texture>shadow.png</texture>
                                </control>
                                <control type="image">
                                    <height>100</height>
                                    <width>805</width>
                                    <texture border="8">images/White.png</texture>
                                </control>
                                <control type="label">
                                    <animation condition="String.IsEmpty(ListItem.Title)" effect="slide" start="0,0" end="0,18" time="0" reversible="true">Conditional</animation>
                                    <left>40</left>
                                    <width>700</width>
                                    <include>BigListTitle</include>
                                    <label>$INFO[ListItem.ChannelNumber]$INFO[ListItem.Label, • ]</label>
                                </control>
                                <control type="label">
                                    <left>45</left>
                                    <width>640</width>
                                    <include>BigListDetails</include>
                                    <info>ListItem.Title</info>
                                </control>
                                <control type="image">
                                    <left>710</left>
                                    <top>15</top>
                                    <width>81</width>
                                    <height>81</height>
                                    <aspectratio>keep</aspectratio>
                                    <texture>$INFO[ListItem.Icon]</texture>
                                    <visible>![ListItem.IsRecording | ListItem.HasTimer]</visible>
                                </control>
                                <control type="image" description="rec">
                                    <left>720</left>
                                    <top>15</top>
                                    <height>81</height>
                                    <width>81</width>
                                    <texture>pvr/rec.png</texture>
                                    <visible>ListItem.IsRecording</visible>
                                </control>
                                <control type="image" description="timer">
                                    <left>720</left>
                                    <top>15</top>
                                    <height>81</height>
                                    <width>81</width>
                                    <texture>pvr/timer.png</texture>
                                    <visible>!ListItem.IsRecording + ListItem.HasTimer</visible>
                                </control>
                            </control>
                        </focusedlayout>
                    </control>
                </control>
                <control type="scrollbar" id="60">
                    <left>39r</left>
                    <top>135</top>
                    <height>870</height>
                    <onleft>12</onleft>
                    <onright>noop</onright>
                </control>
                <control type="label">
                    <description>Page Count Label</description>
                    <left>40r</left>
                    <top>53r</top>
                    <width>500</width>
                    <height>20</height>
                    <font>font12</font>
                    <textcolor>gray</textcolor>
                    <scroll>false</scroll>
                    <align>right</align>
                    <aligny>center</aligny>
                    <label>$LOCALIZE[31000] ([COLOR=White]$INFO[Container(16).CurrentPage]/$INFO[Container(16).NumPages][/COLOR])</label>
                </control>
            </control>
        </control>
        <control type="label">
            <include>Heading</include>
            <label>$INFO[Control.GetLabel(29)] • $INFO[Control.GetLabel(30)]</label>
        </control>
        <include>PVRsidemenu</include>
    </controls>
</window>
