<?xml version='1.0' encoding='UTF-8'?>
<shortcuts>
    <shortcut>
        <defaultID>movies</defaultID>
        <label>342</label>
        <icon>-</icon>
        <label2>-</label2>
        <thumb>icons/movies.png</thumb>
        <action>ActivateWindow(Videos,videodb://movies/titles/,return)</action>
    </shortcut>
    <shortcut>
        <defaultID>episodes</defaultID>
        <label>20343</label>
        <icon>-</icon>
        <label2>-</label2>
        <thumb>icons/tvshows.png</thumb>
        <action>ActivateWindow(Videos,videodb://tvshows/titles/,return)</action>
    </shortcut>
    <shortcut>
        <defaultID>music</defaultID>
        <label>10005</label>
        <icon>-</icon>
        <label2>-</label2>
        <thumb>icons/music.png</thumb>
        <visible>Library.HasContent(Music)</visible>
        <action>ActivateWindow(Music)</action>
    </shortcut>
    <shortcut>
        <defaultID>addons</defaultID>
        <label>24001</label>
        <icon>-</icon>
        <label2>-</label2>
        <thumb>icons/addons.png</thumb>
        <action>ActivateWindow(Addonbrowser)</action>
    </shortcut>
    <shortcut>
        <defaultID>pictures</defaultID>
        <label>1</label>
        <icon>-</icon>
        <label2>-</label2>
        <thumb>icons/photos.png</thumb>
        <action>ActivateWindow(10002)</action>
    </shortcut>
    <shortcut>
        <defaultID>livetv</defaultID>
        <label>31059</label>
        <icon>-</icon>
        <label2>-</label2>
        <thumb>icons/LiveTV.png</thumb>
        <!--<action>SetFocus(10040)</action>-->
        <action>ActivateWindow(TVChannels)</action>
        <visible>!Pvr.IsRecording</visible>
    </shortcut>
    <shortcut>
        <defaultID>livetv</defaultID>
        <label>$INFO[Pvr.NowRecordingTitle]</label>
        <icon>-</icon>
        <label2>-</label2>
        <thumb>icons/LiveTVrec.png</thumb>
        <action>SetFocus(10040)</action>
        <visible>Pvr.IsRecording</visible>
    </shortcut>
    <shortcut>
        <defaultID>favourites</defaultID>
        <label>1036</label>
        <icon>-</icon>
        <label2>-</label2>
        <thumb>icons/favs.png</thumb>
        <action>ActivateWindow(favouritesbrowser)</action>
    </shortcut>
    <shortcut>
        <defaultID>programs</defaultID>
        <label>31037</label>
        <icon>-</icon>
        <label2>-</label2>
        <thumb>icons/program.png</thumb>
        <action>ActivateWindow(AddonBrowser,root)</action>
    </shortcut>
    <shortcut>
        <defaultID>sources</defaultID>
        <label>20094</label>
        <icon>-</icon>
        <label2>-</label2>
        <thumb>icons/sources.png</thumb>
        <!--<action>SetFocus(10010)</action>-->
        <action>ActivateWindow(1115)</action>
    </shortcut>
    <shortcut>
        <defaultID>search</defaultID>
        <label>search</label>
        <icon>-</icon>
        <label2>-</label2>
        <thumb>icons/search.png</thumb>
        <action>RunScript(script.globalsearch)</action>
    </shortcut>
    <shortcut>
        <defaultID>disney</defaultID>
        <label>Disney +</label>
        <icon>-</icon>
        <label2>Posters</label2>
        <thumb>icons/disney.png</thumb>
        <visible>System.HasAddon(slyguy.disney.plus)</visible>
         <action>ActivateWindow(Videos,"plugin://slyguy.disney.plus",return)</action>
    </shortcut>
    <shortcut>
        <defaultID>s4me</defaultID>
        <label>Stream4Me</label>
        <icon>-</icon>
        <label2>Posters</label2>
        <thumb>icons/s4me.png</thumb>
        <visible>System.HasAddon(plugin.video.s4me)</visible>
        <action>ActivateWindow(Videos,"plugin://plugin.video.s4me",return)</action>
    </shortcut>
    <shortcut>
        <defaultID>PrimeVideo</defaultID>
        <label>Prime Video</label>
        <icon>-</icon>
        <label2>Posters</label2>
        <thumb>icons/primevideo.png</thumb>
        <visible>System.HasAddon(plugin.video.amazon-test)</visible>
        <action>ActivateWindow(Videos,"plugin://plugin.video.amazon-test",return)</action>
    </shortcut>
    <shortcut>
        <defaultID>plex</defaultID>
        <label>Plex</label>
        <icon>-</icon>
        <label2>Posters</label2>
        <thumb>icons/plex.png</thumb>
        <visible>System.HasAddon(script.plexmod)</visible>
        <action>RunAddon("script.plexmod")</action>
    </shortcut>
    <shortcut>
        <defaultID>netflix</defaultID>
        <label>Netflix</label>
        <icon>-</icon>
        <label2>Posters</label2>
        <thumb>icons/netflix.png</thumb>
        <visible>System.HasAddon(plugin.video.netflix)</visible>
        <action>ActivateWindow(Videos,"plugin://plugin.video.netflix",return)</action>
    </shortcut>
    <shortcut>
        <defaultID>raiplay</defaultID>
        <label>Rai Play</label>
        <icon>-</icon>
        <label2>Posters</label2>
        <thumb>icons/raiplay.png</thumb>
        <visible>System.HasAddon(plugin.video.raitv)</visible>
        <action>ActivateWindow(Videos,"plugin://plugin.video.raitv",return)</action>
    </shortcut>
    <shortcut>
        <defaultID>spotify</defaultID>
        <label>Spotify</label>
        <icon>-</icon>
        <label2>Posters</label2>
        <thumb>icons/spotify.png</thumb>
        <visible>System.HasAddon(plugin.audio.spotify)</visible>
        <action>ActivateWindow(Music,"plugin://plugin.audio.spotify",return)</action>
    </shortcut>
    <shortcut>
        <defaultID>settings</defaultID>
        <label>5</label>
        <label2>-</label2>
        <icon>-</icon>
        <thumb>icons/settings.png</thumb>
        <action>ActivateWindow(1120)</action>
        <!--<action>SetFocus(10020)</action>-->
    </shortcut>
    <shortcut>
        <defaultID>shutdownmenu</defaultID>
        <label>33060</label>
        <icon>-</icon>
        <label2>-</label2>
        <thumb>icons/quits.png</thumb>
        <visible>!Player.HasMedia</visible>
        <action>ActivateWindow(ShutdownMenu)</action>
    </shortcut>
    <shortcut>
        <defaultID>shutdownmenu</defaultID>
        <label>33060</label>
        <icon>-</icon>
        <label2>-</label2>
        <thumb>icons/full.png</thumb>
        <visible>Player.HasMedia</visible>
        <action>Action(fullscreen)</action>
    </shortcut>
</shortcuts>
