<?xml version="1.0" encoding="UTF-8"?>
<window type="window" id="2000">
  <defaultcontrol always="false">3</defaultcontrol>
  <allowoverlay>yes</allowoverlay>
  <include>OpenClose</include>
  <controls>
    <include>BlackBackground</include>
    <control type="label" id="1" description="Header label">
      <include>Heading</include>
      <label>13406</label>
    </control>
    <control type="list" id="3">
      <left>1020</left>
      <top>150</top>
      <width>802</width>
      <height>888</height>
      <onleft>666</onleft>
      <onright>60</onright>
      <onup>3</onup>
      <ondown>3</ondown>
      <pagecontrol>60</pagecontrol>
      <scrolltime tween="sine" easing="inout">280</scrolltime>
      <include>SlimListLayout</include>
    </control>
    <control type="list" id="6">
      <left>1020</left>
      <top>140</top>
      <width>802</width>
      <height>886</height>
      <onleft>666</onleft>
      <onright>60</onright>
      <onup>6</onup>
      <ondown>6</ondown>
      <pagecontrol>60</pagecontrol>
      <movement>3</movement>
      <scrolltime tween="sine" easing="inout">280</scrolltime>
      <include>SlimListLayout</include>
    </control>
    <control type="image" description="Item Thumb">
      <centerleft>520</centerleft>
      <centertop>430</centertop>
      <width>600</width>
      <height>600</height>
      <fadetime>200</fadetime>
      <texture>$INFO[Container(6).ListItem.Icon]</texture>
      <aspectratio>keep</aspectratio>
    </control>
    <control type="grouplist" id="666">
      <centerleft>520</centerleft>
      <bottom>60</bottom>
      <height>100</height>
      <onleft>3</onleft>
      <onright>3</onright>
      <onup>3</onup>
      <ondown>3</ondown>
      <itemgap>15</itemgap>
      <orientation>horizontal</orientation>
      <align>center</align>
      <control type="button" id="5" description="Manual Get more button">
        <height>80</height>
        <width>400</width>
        <font>size36</font>
        <label></label>>
      </control>
      <control type="button" id="7" description="Manual Get more button">
        <height>80</height>
        <width>400</width>
        <font>size36</font>
        <label></label>>
      </control>
    </control>
  </controls>
</window>