<?xml version="1.0" encoding="UTF-8"?>
<window id="106">
    <defaultcontrol always="true">996</defaultcontrol>
    <allowoverlay>no</allowoverlay>
    <include>DialogOpenClose</include>
    <coordinates>
        <system>1</system>
        <origin x="0" y="0" />
    </coordinates>
    <controls>
        <control type="image" id="999" description="Background image">
            <centerleft>960</centerleft>
            <centertop>540</centertop>
            <height>1080</height>
            <width>750</width>
            <texture border="50">images/ContextMenu.png</texture>
            <colordiffuse>dialog</colordiffuse>
        </control>
        <control type="grouplist" id="996" description="Context menu container">
            <centerleft>960</centerleft>
            <height>960</height>
            <include>DialogGLs</include>
        </control>
        <control type="button" id="1000" description="Buttons">
            <animation effect="zoom" time="120" start="100" end="110" center="auto" tween="Back" easing="Out">Focus</animation>
            <include>DialogButt</include>
        </control>
    </controls>
</window>
