<?xml version="1.0" encoding="UTF-8"?>
<window>
    <allowoverlay>no</allowoverlay>
    <include>OpenClose</include>
    <controls>
        <control type="image" description="BG">
            <centerleft>960</centerleft>
            <centertop>530</centertop>
            <width>1500</width>
            <height>860</height>
            <texture border="8">images/White.png</texture>
            <colordiffuse>dialog</colordiffuse>
        </control>
        <control type="group" id="250">
            <left>110</left>
            <control type="image">
                <left>1447</left>
                <top>160</top>
                <width>98</width>
                <height>45</height>
                <texture>images/rightarrow.png</texture>
            </control>
            <control type="image" id="110">
                <description>Service Logo</description>
                <left>350</left>
                <top>140</top>
                <width>1000</width>
                <height>70</height>
                <aspectratio align="center">keep</aspectratio>
            </control>
            <control type="group" id="111">
                <control type="label" id="100" description="Textarea">
                    <left>150</left>
                    <top>220</top>
                    <width>1400</width>
                    <height>60</height>
                    <font>size27</font>
                    <textcolor>whitesmoke</textcolor>
                    <align>center</align>
                    <aligny>center</aligny>
                    <wrapmultiline>true</wrapmultiline>
                </control>
                <control type="image" description="linetop">
                    <left>120</left>
                    <top>280</top>
                    <width>1460</width>
                    <height>1</height>
                    <texture>images/Line.png</texture>
                </control>
                <control type="image" description="linebottom">
                    <left>120</left>
                    <top>850</top>
                    <width>1460</width>
                    <height>1</height>
                    <texture>images/Line.png</texture>
                </control>
                <control type="label" description="Local subtitle available">
                    <left>200</left>
                    <top>870</top>
                    <width>1300</width>
                    <height>60</height>
                    <label>20446</label>
                    <font>size33</font>
                    <align>center</align>
                    <wrapmultiline>true</wrapmultiline>
                </control>
            </control>
            <control type="list" id="120">
                <left>180</left>
                <top>281</top>
                <width>1360</width>
                <height>569</height>
                <onleft>60</onleft>
                <onright>150</onright>
                <onup>120</onup>
                <ondown>120</ondown>
                <viewtype label="535">list</viewtype>
                <pagecontrol>60</pagecontrol>
                <scrolltime>200</scrolltime>
                <itemlayout width="1360" height="54">
                    <control type="image">
                        <left>10</left>
                        <width>33</width>
                        <height>54</height>
                        <aspectratio>keep</aspectratio>
                        <texture>flags/$INFO[ListItem.Art(thumb)].png</texture>
                    </control>
                    <control type="label">
                        <left>54</left>
                        <width>135</width>
                        <height>54</height>
                        <font>size27</font>
                        <aligny>center</aligny>
                        <textcolor>darktext</textcolor>
                        <scroll>false</scroll>
                        <align>left</align>
                        <info>ListItem.Label</info>
                    </control>
                    <control type="image">
                        <left>202</left>
                        <width>24</width>
                        <height>54</height>
                        <aspectratio>keep</aspectratio>
                        <texture>icon_cc.png</texture>
                        <visible>ListItem.property(hearing_imp)</visible>
                    </control>
                    <control type="image">
                        <left>242</left>
                        <width>60</width>
                        <height>54</height>
                        <aspectratio>keep</aspectratio>
                        <texture>icon_sync.png</texture>
                        <visible>ListItem.property(sync)</visible>
                    </control>
                    <control type="label">
                        <left>315</left>
                        <width>900</width>
                        <height>54</height>
                        <font>size27</font>
                        <aligny>center</aligny>
                        <textcolor>darktext</textcolor>
                        <scroll>false</scroll>
                        <align>left</align>
                        <info>ListItem.Label2</info>
                    </control>
                    <control type="image">
                        <left>1230</left>
                        <width>120</width>
                        <height>54</height>
                        <colordiffuse>darktext</colordiffuse>
                        <aspectratio>keep</aspectratio>
                        <texture>badges/$INFO[ListItem.ActualIcon].0.png</texture>
                    </control>
                </itemlayout>
                <focusedlayout width="1360" height="54">
                    <control type="image">
                        <width>1358</width>
                        <height>54</height>
                        <texture border="8">Images/White.png</texture>
                        <visible>Control.HasFocus(120)</visible>
                    </control>
                    <control type="image">
                        <left>10</left>
                        <width>33</width>
                        <height>54</height>
                        <aspectratio>keep</aspectratio>
                        <texture>flags/$INFO[ListItem.Art(thumb)].png</texture>
                    </control>
                    <control type="label">
                        <left>54</left>
                        <width>135</width>
                        <height>54</height>
                        <font>size27</font>
                        <aligny>center</aligny>
                        <textcolor>black</textcolor>
                        <align>left</align>
                        <info>ListItem.Label</info>
                    </control>
                    <control type="image">
                        <left>202</left>
                        <width>24</width>
                        <height>54</height>
                        <aspectratio>keep</aspectratio>
                        <texture>icon_cc.png</texture>
                        <visible>ListItem.property(hearing_imp)</visible>
                    </control>
                    <control type="image">
                        <left>242</left>
                        <width>60</width>
                        <height>54</height>
                        <aspectratio>keep</aspectratio>
                        <colordiffuse>black</colordiffuse>
                        <texture>icon_sync.png</texture>
                        <visible>ListItem.property(sync)</visible>
                    </control>
                    <control type="label">
                        <left>315</left>
                        <width>900</width>
                        <height>54</height>
                        <font>size27</font>
                        <aligny>center</aligny>
                        <textcolor>black</textcolor>
                        <align>left</align>
                        <info>ListItem.Label2</info>
                    </control>
                    <control type="image">
                        <left>1230</left>
                        <width>120</width>
                        <height>54</height>
                        <aspectratio>keep</aspectratio>
                        <colordiffuse>black</colordiffuse>
                        <texture>badges/$INFO[ListItem.ActualIcon].0.png</texture>
                    </control>
                </focusedlayout>
            </control>
        </control>
        <control type="group" id="250">
            <left>-60</left>
            <top>90</top>
            <animation effect="slide" start="0,0" end="-450,0" time="400" reversible="true" condition="Control.HasFocus(150) | Control.HasFocus(160) | Control.HasFocus(122)">Conditional</animation>
            <control type="image" description="BG">
                <left>1927</left>
                <top>45</top>
                <width>508</width>
                <height>610</height>
                <texture border="8">images/White.png</texture>
                <colordiffuse>dialog</colordiffuse>
            </control>
            <control type="button" id="160">
                <description>Manual search button</description>
                <animation>Focus</animation>
                <left>2000</left>
                <top>190</top>
                <width>375</width>
                <height>60</height>
                <onleft>120</onleft>
                <onright>120</onright>
                <onup>noop</onup>
                <ondown>150</ondown>
                <label>$LOCALIZE[24120]</label>
                <font>size27</font>
                <align>left</align>
            </control>
            <control type="image">
                <description>separator</description>
                <left>1975</left>
                <top>258</top>
                <width>450</width>
                <height>1</height>
                <texture>images/Line.png</texture>
            </control>
            <control type="list" id="150">
                <left>2000</left>
                <top>265</top>
                <width>375</width>
                <height>442</height>
                <onleft>120</onleft>
                <onright>120</onright>
                <onup>160</onup>
                <ondown>150</ondown>
                <viewtype label="535">list</viewtype>
                <scrolltime>200</scrolltime>
                <itemlayout width="375" height="54">
                    <control type="label">
                        <left>15</left>
                        <top>0</top>
                        <width>345</width>
                        <height>57</height>
                        <font>size27</font>
                        <aligny>center</aligny>
                        <selectedcolor>orange</selectedcolor>
                        <align>left</align>
                        <info>ListItem.Label</info>
                        <visible>!ListItem.property(man)</visible>
                    </control>
                    <control type="label">
                        <left>15</left>
                        <top>0</top>
                        <width>345</width>
                        <height>57</height>
                        <font>size26</font>
                        <aligny>center</aligny>
                        <align>left</align>
                        <info>ListItem.Label</info>
                        <visible>ListItem.property(man)</visible>
                    </control>
                </itemlayout>
                <focusedlayout width="375" height="54">
                    <control type="image">
                        <left>0</left>
                        <top>0</top>
                        <width>375</width>
                        <height>57</height>
                        <texture border="8">Images/White.png</texture>
                        <visible>Control.HasFocus(150)</visible>
                    </control>
                    <control type="label">
                        <left>15</left>
                        <top>0</top>
                        <width>345</width>
                        <height>57</height>
                        <font>size27</font>
                        <aligny>center</aligny>
                        <textcolor>white</textcolor>
                        <selectedcolor>orange</selectedcolor>
                        <align>left</align>
                        <info>ListItem.Label</info>
                        <visible>!ListItem.property(man)</visible>
                    </control>
                    <control type="label">
                        <left>15</left>
                        <top>0</top>
                        <width>345</width>
                        <height>57</height>
                        <font>size26</font>
                        <textcolor>white</textcolor>
                        <align>left</align>
                        <aligny>center</aligny>
                        <info>ListItem.Label</info>
                        <visible>ListItem.property(man)</visible>
                    </control>
                </focusedlayout>
            </control>
        </control>
    </controls>
</window>
