<?xml version="1.0" encoding="UTF-8"?>
<window type="dialog" id="142">
    <defaultcontrol always="true">706</defaultcontrol>
    <controls>
        <control type="group">
            <animation effect="fade" start="0" end="100" time="200">VisibleChange</animation>
            <control type="group" id="111" description="Options content">
                <top>-400</top>
                <animation type="WindowOpen">
                    <effect type="slide" tween="Cubic" easing="out" start="0,0" end="0,400" time="800" />
                </animation>
                <animation type="WindowClose">
                    <effect type="slide" start="0,400" end="0,0" time="400"/>
                </animation>
                <include>OSDfullinfos</include>
            </control>
        </control>
    </controls>
</window>
