<?xml version="1.0" encoding="UTF-8"?>
<window>
    <backgroundcolor>background</backgroundcolor>
    <defaultcontrol always="true">9000</defaultcontrol>
    <allowoverlay>no</allowoverlay>
    <onload>RunScript(script.skinshortcuts,type=buildxml&amp;mainmenuID=9000&amp;level=0)</onload>
    <include>HomeOpenClose</include>
    <controls>
        <include>BlackBackground</include>
        <control type="videowindow">
            <depth>DepthBackground</depth>
            <include>Dimensions_Fullscreen</include>
            <visible>Player.HasVideo</visible>
            <visible>!Slideshow.IsActive</visible>
        </control>
        <control type="group" description="Furniture">
            <include>homeanimation</include>
            <control type="image" description="banda bianca">
                <visible>Container(9000).Row(0)</visible>
                <animation effect="fade" time="500">VisibleChange</animation>
                <top>705</top>
                <centerleft>960</centerleft>
                <width>1850</width>
                <height>254</height>
                <aspectratio>stretch</aspectratio>
                <texture colordiffuse="bandabianca">images/diffusebanner.png</texture>
            </control>
        </control>
        <control type="label" id="9009">
            <include>homeanimation</include>
            <focusedcolor>white</focusedcolor>
            <include>ShelfFade</include>
            <animation>Focus</animation>
            <animation>unFocus</animation>
            <animation condition="$EXP[istvshows]" effect="slide" end="0,25"  time="180" tween="Back" easing="inout">Conditional</animation>
            <animation condition="$EXP[shelflabelsslide]" effect="slide" start="0" end="0,-30" time="180" tween="Back">Conditional</animation>
            <left>80</left>
            <bottom>980</bottom>
            <height>45</height>
            <width>750</width>
            <align>left</align>
            <aligny>center</aligny>
            <font>shelf</font>
            <textcolor>ff555555</textcolor>
            <label>$INFO[Container(9000).ListItem.Property(widgetName)]</label>
            <texturefocus>-</texturefocus>
            <onup>noop</onup>
            <ondown condition="Control.IsVisible(312)">312</ondown>
            <ondown condition="Control.IsVisible(313)">313</ondown>
            <ondown condition="Control.IsVisible(315)">315</ondown>
            <ondown condition="Control.IsVisible(317)">317</ondown>
            <ondown condition="Control.IsVisible(311)">311</ondown>
            <onleft>noop</onleft>
            <onright>noop</onright>
        </control>
        <control type="panel" id="9000" description="ICONE">
            <include>HomePanelOpenClose</include>
            <include>homeanimation</include>
            <centerleft>960</centerleft>
            <top>700</top>
            <width>1800</width>
            <height>1620</height>
            <onleft>9000</onleft>
            <onright>9000</onright>
            <onup>700</onup>
            <ondown>noop</ondown>
            <orientation>vertical</orientation>
            <scrolltime tween="sine" easing="inout">280</scrolltime>
            <itemlayout height="255" width="360">
                <control type="image" description="color base">
                    <centerleft>180</centerleft>
                    <centertop>132</centertop>
                    <width>300</width>
                    <height>170</height>
                    <texture diffuse="icons/diffusehomeicon.png">$INFO[ListItem.label2]</texture>
                </control>
                <control type="image" description="THMBSICONS">
                    <centerleft>180</centerleft>
                    <centertop>132</centertop>
                    <width>300</width>
                    <height>170</height>
                    <texture diffuse="icons/diffusehomeicon.png">$INFO[ListItem.Icon]</texture>
                    <aspectratio scalediffuse="false">scale</aspectratio>
                </control>
            </itemlayout>
            <focusedlayout height="255" width="360">
                <control type="group">
                    <animation effect="zoom" start="100" end="125" time="120" center="auto" tween="Back" easing="Out">Focus</animation>
                    <animation effect="zoom" start="125" end="100" time="120" center="auto">unFocus</animation>
                    <control type="image" description="shade_base">
                        <centerleft>180</centerleft>
                        <animation effect="slide" start="0,0" end="0,34" time="240" reversible="true" tween="Back" easing="Out">Focus</animation>
                        <width>360</width>
                        <height>250</height>
                        <texture>icons/iconbase.png</texture>
                    </control>
                    <control type="image" description="color base">
                        <centerleft>180</centerleft>
                        <centertop>132</centertop>
                        <width>300</width>
                        <height>170</height>
                        <texture diffuse="icons/diffusehomeicon.png">$INFO[ListItem.label2]</texture>
                    </control>
                    <control type="image" description="THMBSICONS">
                        <centerleft>180</centerleft>
                        <centertop>132</centertop>
                        <width>300</width>
                        <height>170</height>
                        <texture diffuse="icons/diffusehomeicon.png">$INFO[ListItem.Icon]</texture>
                        <aspectratio scalediffuse="false">scale</aspectratio>
                    </control>
                </control>
            </focusedlayout>

            <content><include>skinshortcuts-mainmenu</include></content>
        </control>
        <control type="group" id="700" description="Shelf items">
            <include>homeanimation</include>
            <include>shelfitems</include>
            <!--<include>Addons</include>-->
            <include>Episodes</include>
            <include>Livetv</include>
            <!--<include>general</include>-->
            <!--<include>weather_shelf</include>-->
        </control>
        <control type="group">
            <visible>Player.HasAudio</visible>
            <visible>!IntegerGreaterThan(Player.Time,8) | !IntegerGreaterThan(Player.TimeRemaining,8)</visible>
            <animation effect="slide" end="0,-128" condition="Window.IsActive(DialogExtendedProgressBar.xml)">Conditional</animation>
            <left>1190</left>
            <top>944</top>
            <animation effect="fade" start="0" end="100" time="500">WindowOpen</animation>
            <animation effect="fade" start="100" end="0" time="500">WindowClose</animation>
            <control type="image" description="Dialog BG">
                <width>720</width>
                <height>128</height>
                <texture border="25">images/notification.png</texture>
            </control>
            <control type="image" description="File Icon">
                <left>22</left>
                <centertop>64</centertop>
                <width>90</width>
                <height>90</height>
                <aspectratio>keep</aspectratio>
                <texture>$INFO[MusicPlayer.Cover]</texture>
            </control>
            <control type="grouplist">
                <left>130</left>
                <height>120</height>
                <align>center</align>
                <itemgap>8</itemgap>
                <control type="label" id="401" description="Heading">
                    <width>575</width>
                    <height>20</height>
                    <font>size21</font>
                    <align>left</align>
                    <aligny>center</aligny>
                    <textcolor>black</textcolor>
                    <label>$INFO[MusicPlayer.Title]</label>
                </control>
                <control type="label" id="402" description="Message">
                    <width>575</width>
                    <height>20</height>
                    <font>size21</font>
                    <align>left</align>
                    <aligny>center</aligny>
                    <textcolor>black</textcolor>
                    <shadowcolor>-</shadowcolor>
                    <label>$INFO[MusicPlayer.Artist]</label>
                </control>
                <control type="label" id="402" description="Message">
                    <width>575</width>
                    <height>20</height>
                    <font>size21</font>
                    <align>left</align>
                    <aligny>center</aligny>
                    <textcolor>black</textcolor>
                    <shadowcolor>-</shadowcolor>
                    <label>$INFO[MusicPlayer.Album]</label>
                </control>
            </control>
        </control>
        <control type="label" description="Clock">
            <visible>!System.Date(04-01,04-01) + !Skin.HasSetting(clock)</visible>
            <right>60</right>
            <top>20</top>
            <width>500</width>
            <height>25</height>
            <align>right</align>
            <font>size27</font>
            <shadowcolor>-</shadowcolor>
            <textcolor>white</textcolor>
            <label>$INFO[System.Date(ddd d mmm)] • $INFO[System.Time]</label>
        </control>
        <control type="image">
            <right>20</right>
            <top>18</top>
            <width>30</width>
            <height>30</height>
            <colordiffuse>kodi</colordiffuse>
            <texture>kodi_icon.png</texture>
        </control>
    </controls>
</window>
