<?xml version="1.0" encoding="UTF-8"?>
<includes>

    <expression name="ismovies">String.IsEqual(Container(9000).ListItem.Property(defaultID),movies)</expression>
    <expression name="isepisodes">String.IsEqual(Container(9000).ListItem.Property(defaultID),episodes)</expression>
    <expression name="istransparent">!Container.Content(episodes) + !Container.Content(movies) + !Container.Content(tvshows) + !ListItem.IsParentFolder</expression>
    <expression name="shelflabelsslide">ControlGroup(700).HasFocus + [[Container(311).HasFocus + [Container(311).Position(0) | Container(311).Position(1)]] | [Container(312).HasFocus + [Container(312).Position(0) | Container(312).Position(1)]] | [Container(313).HasFocus + Container(313).Position(0)] | [Container(317).HasFocus + [Container(317).Position(0) | Container(317).Position(1)]]]</expression>

    <expression name="311visibility">![String.IsEqual(Container(9000).ListItem.Property(defaultID),addons) | String.IsEqual(Container(9000).ListItem.Property(defaultID),programs) | String.IsEqual(Container(9000).ListItem.Property(defaultID),tvshows) | String.IsEqual(Container(9000).ListItem.Property(defaultID),episodes) | String.IsEqual(Container(9000).ListItem.Property(defaultID),music)]</expression>

    <expression name="317visibility">String.IsEqual(Container(9000).ListItem.Property(defaultID),addons) | String.IsEqual(Container(9000).ListItem.Property(defaultID),programs)</expression>

    <expression name="320visibility">![String.IsEqual(Container(9000).ListItem.Property(defaultID),addons)
    | String.IsEqual(Container(9000).ListItem.Property(defaultID),addons)
    | String.IsEqual(Container(9000).ListItem.Property(defaultID),episodes)
    | String.IsEqual(Container(9000).ListItem.Property(defaultID),movies)
    | String.IsEqual(Container(9000).ListItem.Property(defaultID),music)
    | String.IsEqual(Container(9000).ListItem.Property(defaultID),weather)
        | String.IsEqual(Container(9000).ListItem.Property(defaultID),livetv)]
    </expression>

</includes>
