<?xml version="1.0" encoding="UTF-8"?>
<window>
  <defaultcontrol always="true">30050</defaultcontrol>
  <controls>
    <control type="image">
      <width>1920</width>
      <height>1080</height>
      <texture>images/Black.png</texture>
    </control>
    <control type="fixedlist" id="30050">
      <left>30</left>
      <top>150</top>
      <width>2920</width>
      <height>800</height>
      <visible>true</visible>
      <onup>30051</onup>
      <ondown>30052</ondown>
      <onleft>noop</onleft>
      <onright>noop</onright>
      <orientation>horizontal</orientation>
      <pagecontrol>60</pagecontrol>
      <scrolltime tween="sine" easing="out">250</scrolltime>
      <focusposition>1</focusposition>
      <itemlayout width="360">
        <control type="group">
          <animation condition="true" effect="zoom" end="29" center=",200" reversible="false">Conditional</animation>
          <control type="label">
            <left>600</left>
            <width>1180</width>
            <height>60</height>
            <aligny>top</aligny>
            <align>center</align>
            <font>Size42B</font>
            <label>$INFO[ListItem.Label]</label>
            <wrapmultiline>true</wrapmultiline>
            <textcolor>gray</textcolor>
          </control>
          <control type="label" description="ItemDate">
            <left>600</left>
            <top>50</top>
            <width>1180</width>
            <height>30</height>
            <align>center</align>
            <font>size22</font>
            <label>$INFO[ListItem.Property(date)]</label>
            <textcolor>gray</textcolor>
          </control>
          <control type="image">
            <top>80</top>
            <height>1</height>
            <width>1200</width>
            <texture>images/line.png</texture>
          </control>
        </control>
      </itemlayout>
      <focusedlayout width="1215">
        <control type="group">
          <!--<animation effect="fade" start="0" end="100" time="350" delay="250">Visible</animation>-->
          <animation condition="Control.isVisible(30050)" effect="fade" start="0" end="100" time="250" delay="100" reversible="false">Conditional</animation>
          <control type="label">
            <left>600</left>
            <width>1180</width>
            <height>60</height>
            <aligny>top</aligny>
            <align>center</align>
            <font>Size42B</font>
            <label>$INFO[ListItem.Label]</label>
            <wrapmultiline>true</wrapmultiline>
            <textcolor>white</textcolor>
          </control>
          <control type="label" description="ItemDate">
            <left>600</left>
            <top>50</top>
            <width>1180</width>
            <height>30</height>
            <align>center</align>
            <font>size22</font>
            <label>$INFO[ListItem.Property(date)]</label>
            <textcolor>gray</textcolor>
          </control>
          <control type="image">
            <top>80</top>
            <height>1</height>
            <width>1200</width>
            <texture>images/line.png</texture>
          </control>
          <control type="textbox">
            <left>10</left>
            <top>80</top>
            <width>1180</width>
            <height>702</height>
            <aligny>top</aligny>
            <align>justify</align>
            <label>$INFO[ListItem.Property(desc)]</label>
            <visible>String.IsEqual(ListItem.Property(image),)</visible>
            <textcolor>white</textcolor>
          </control>
          <control type="textbox">
            <left>310</left>
            <top>80</top>
            <width>880</width>
            <height>702</height>
            <aligny>top</aligny>
            <align>justify</align>
            <label>$INFO[ListItem.Property(desc)]</label>
            <visible>!String.IsEqual(ListItem.Property(image),)</visible>
            <textcolor>white</textcolor>
          </control>
          <control type="image">
            <top>782</top>
            <height>1</height>
            <width>1200</width>
            <texture>images/line.png</texture>
          </control>
        </control>
        <control type="group" description="Imagefeed">
          <visible>!String.IsEqual(ListItem.Property(image),)</visible>
          <control type="image" id="30011">
            <left>0</left>
            <top>100</top>
            <width>250</width>
            <height>250</height>
            <texture>$INFO[ListItem.Property(image)]</texture>
            <aspectratio>keep</aspectratio>
            <visible>!ListItem.Property(slideshowable)</visible>
          </control>
          <control type="multiimage">
            <left>0</left>
            <top>100</top>
            <width>250</width>
            <height>250</height>
            <imagepath>$INFO[ListItem.Property(multiimagepath)]</imagepath>
            <aspectratio>keep</aspectratio>
            <timeperimage>2000</timeperimage>
            <fadetime>500</fadetime>
            <pauseatend>5000</pauseatend>
            <randomize>false</randomize>
            <loop>yes</loop>
            <visible>ListItem.Property(slideshowable)</visible>
          </control>
        </control>
      </focusedlayout>
    </control>
    <control type="group" id="30052" description="Bottom buttons">
      <control type="grouplist">
        <left>200</left>
        <top>980</top>
        <width>1520</width>
        <height>250</height>
        <itemgap>0</itemgap>
        <align>center</align>
        <orientation>horizontal</orientation>
        <onup>30050</onup>
        <ondown>noop</ondown>
        <onleft>noop</onleft>
        <onright>noop</onright>
        <control type="button" id="39001">
          <label>$ADDON[script.rssclient-standalone 30013]</label>
          <onclick>XBMC.SlideShow($INFO[Container(30050).ListItem.Property(multiimagepath)])</onclick>
          <textcolor>white</textcolor>
          <height>60</height>
          <width>375</width>
          <textoffsetx>10</textoffsetx>
          <textwidth>352</textwidth>
        </control>
        <control type="button" id="39002">
          <label>$ADDON[script.rssclient-standalone 30014]</label>
          <onclick>XBMC.PlayMedia($INFO[Container(30050).ListItem.Property(video)])</onclick>
          <textcolor>white</textcolor>
          <height>60</height>
          <width>375</width>
          <textoffsetx>15</textoffsetx>
          <textwidth>352</textwidth>
          <visible>!String.IsEqual(Container(30050).ListItem.Property(video),)</visible>
        </control>
      </control>
    </control>
    <control type="image">
      <top>130</top>
      <height>1</height>
      <width>1920</width>
      <texture>images/line.png</texture>
    </control>
    <control type="list" id="30051" description="topmenu">
      <left>60</left>
      <top>50</top>
      <width>1800</width>
      <height>780</height>
      <onleft>noop</onleft>
      <onright>30051</onright>
      <onup>30005</onup>
      <ondown>30050</ondown>
      <scrolltime>200</scrolltime>
      <align>center</align>
      <orientation>horizontal</orientation>
      <itemlayout height="60" width="450">
        <control type="label">
          <left>225</left>
          <top>0</top>
          <width>400</width>
          <height>60</height>
          <textcolor>white</textcolor>
          <align>center</align>
          <aligny>center</aligny>
          <label>$INFO[ListItem.Label]</label>
        </control>
      </itemlayout>
      <focusedlayout height="60" width="450">
        <control type="image">
          <left>0</left>
          <top>0</top>
          <width>435</width>
          <height>61</height>
          <texture border="8">images/Buttonselect.png</texture>
          <visible>Control.HasFocus(30051)</visible>
          <include>VisibleFade</include>
        </control>
        <control type="label">
          <left>225</left>
          <top>0</top>
          <width>400</width>
          <height>60</height>
          <textcolor>orange</textcolor>
          <align>center</align>
          <aligny>center</aligny>
          <label>$INFO[ListItem.Label]</label>
        </control>
      </focusedlayout>
    </control>
    <control type="group" id="30005" description="options">
      <left>0</left>
      <top>-300</top>
      <animation effect="slide" start="0,0" end="0,300" time="400" >Focus</animation>
      <animation effect="slide" start="0,300" end="0,0" time="400" >Unfocus</animation>
      <control type="image" >
        <width>1920</width>
        <height>254</height>
        <texture>images/White.png</texture>
      </control>
      <control type="image" >
        <width>1920</width>
        <height>250</height>
        <texture>images/Black.png</texture>
      </control>
      <control type="grouplist">
        <top>60</top>
        <width>1920</width>
        <height>200</height>
        <itemgap>10</itemgap>
        <pagecontrol>60</pagecontrol>
        <scrolltime tween="sine" easing="out">250</scrolltime>
        <orientation>horizontal</orientation>
        <align>center</align>
        <onup>noop</onup>
        <ondown>30051</ondown>
        <onleft>noop</onleft>
        <onright>noop</onright>
        <!--<control type="button" id="39003" description="Sort by button">
				<label>103</label>
				<textcolor>White</textcolor>
				<width>384</width>
			</control>
			<control type="togglebutton" id="39004" description="Sort order">
				<label></label>>
				<width>50</width>
				<height>50</height>
				<texturefocus>images/ArrowUpFO.png</texturefocus>
				<texturenofocus>images/ArrowUpNF.png</texturenofocus>
				<alttexturefocus>images/ArrowDownFO.png</alttexturefocus>
				<alttexturenofocus>images/ArrowDownNF.png</alttexturenofocus>
			</control>
			-->
        <control type="button" id="39008">
          <description>Edit feeds</description>
          <width>384</width>
          <label>$ADDON[script.rssclient-standalone 30002]</label>
          <onclick>RunScript(script.rss.editor)</onclick>
          <textcolor>white</textcolor>
        </control>
        <control type="button" id="39999">
          <description>go to addon settings (button id is important)</description>
          <label>$ADDON[script.rssclient-standalone 30009]</label>
          <textcolor>white</textcolor>
          <width>384</width>
        </control>
      </control>
    </control>
  </controls>
</window>
