<?xml version="1.0" encoding="UTF-8"?>
<window type="dialog" id="1120">
    <defaultcontrol always="true">9000</defaultcontrol>
    <include>DialogOpenClose</include>
    <controls>
        <control type="group">
            <include>DialogOpenCloseVisible</include>
            <control type="image" description="List back">
                <centerleft>960</centerleft>
                <centertop>540</centertop>
                <width>802</width>
                <height>420</height>
                <aspectratio>stretch</aspectratio>
                <texture border="50">images/ContextMenu.png</texture>
                <colordiffuse>dialog</colordiffuse>
            </control>
            <control type="grouplist" id="9000">
                <centertop>540</centertop>
                <align>center</align>
                <include>DialogGLs</include>
                <control type="button" id="699">
                    <include>DialogButt</include>
                    <label>14209</label>
                    <onclick>Close</onclick>
                    <onclick>ActivateWindow(Settings)</onclick>
                </control>
                <control type="button" id="700">
                    <include>DialogButt</include>
                    <label>20077</label>
                    <onclick>Close</onclick>
                    <onclick>ActivateWindow(SkinSettings)</onclick>
                </control>
                <control type="button" id="702">
                    <include>DialogButt</include>
                    <label>222</label>
                    <onclick>Close</onclick>
                </control>
                <control type="button" id="703" description="reload">
                  <include>DialogButt</include>
                  <onclick>ReloadSkin()</onclick>
                  <label>Reload Skin</label>
                </control>
            </control>
        </control>
    </controls>
</window>
