<?xml version="1.0" encoding="UTF-8"?>
<window id="136">
    <coordinates>
        <left>0</left>
        <top>0</top>
    </coordinates>
    <animation effect="fade" time="250">WindowOpen</animation>
    <animation effect="fade" time="250">WindowClose</animation>
    <controls>
        <include>BlackBackground</include>
        <control type="multiimage" description="Busy animation">
            <centerleft>960</centerleft>
            <centertop>540</centertop>
            <width>700</width>
            <height>70</height>
            <imagepath>busy/multi</imagepath>
            <timeperimage>85</timeperimage>
            <fadetime>0</fadetime>
            <loop>yes</loop>
            <aspectratio>keep</aspectratio>
        </control>
    </controls>
</window>
