<?xml version="1.0" encoding="UTF-8"?>
<window>
  <defaultcontrol always="true">11</defaultcontrol>
  <controls>
    <control type="image">
      <top>320</top>
      <height>760</height>
      <width>1920</width>
      <texture border="8">images/White.png</texture>
      <colordiffuse>aa909090</colordiffuse>
    </control>
    <control type="group">
      <description>TV Guide Channel</description>
      <left>120</left>
      <include>VisibleFade</include>
      <control type="group">
        <top>320</top>
        <control type="label">
          <description>Date Time label</description>
          <left>0</left>
          <top>20</top>
          <width>290</width>
          <height>20</height>
          <align>right</align>
          <aligny>center</aligny>
          <label>21820</label>
        </control>
        <control type="label">
          <description>Title</description>
          <left>600</left>
          <top>20</top>
          <width>290</width>
          <height>20</height>
          <aligny>center</aligny>
          <label>369</label>
        </control>
        <control type="fixedlist" id="11">
          <top>60</top>
          <width>1680</width>
          <height>480</height>
          <onup>11</onup>
          <ondown>11</ondown>
          <onleft>noop=</onleft>
          <onright>60</onright>
          <focusposition>2</focusposition>
          <pagecontrol>70</pagecontrol>
          <scrolltime>200</scrolltime>
          <itemlayout height="40">
            <control type="label">
              <width>300</width>
              <height>40</height>
              <align>right</align>
              <aligny>center</aligny>
              <font>font13</font>
              <selectedcolor>orange</selectedcolor>
              <info>ListItem.Date</info>
            </control>
            <control type="label">
              <left>350</left>
              <width>650</width>
              <height>40</height>
              <font>Size26</font>
              <align>left</align>
              <aligny>center</aligny>
              <selectedcolor>orange</selectedcolor>
              <info>ListItem.Label</info>
            </control>
            <control type="image">
              <left>960</left>
              <top>10</top>
              <width>20</width>
              <height>20</height>
              <texture>pvr/rec.png</texture>
              <visible>ListItem.IsRecording</visible>
            </control>
            <control type="label">
              <left>1000</left>
              <width>80</width>
              <height>40</height>
              <font>font10</font>
              <align>left</align>
              <aligny>center</aligny>
              <selectedcolor>orange</selectedcolor>
              <label>19043</label>
              <visible>ListItem.IsRecording</visible>
            </control>
            <control type="image">
              <left>960</left>
              <top>10</top>
              <width>20</width>
              <height>20</height>
              <texture>pvr/timer.png</texture>
              <visible>ListItem.HasTimer + !ListItem.IsRecording</visible>
            </control>
            <control type="label">
              <left>1000</left>
              <width>80</width>
              <height>40</height>
              <font>font10</font>
              <align>left</align>
              <aligny>center</aligny>
              <selectedcolor>orange</selectedcolor>
              <label>31510</label>
              <visible>ListItem.HasTimer</visible>
            </control>
          </itemlayout>
          <focusedlayout height="120">
            <control type="image">
              <width>1680</width>
              <height>120</height>
              <texture border="8">images/White.png</texture>
            </control>
            <control type="label">
              <width>300</width>
              <height>40</height>
              <align>right</align>
              <aligny>center</aligny>
              <textcolor>black</textcolor>
              <font>font13</font>
              <selectedcolor>orange</selectedcolor>
              <info>ListItem.Date</info>
            </control>
            <control type="label">
              <left>350</left>
              <width>650</width>
              <height>40</height>
              <font>Size26</font>
              <align>left</align>
              <aligny>center</aligny>
              <textcolor>black</textcolor>
              <selectedcolor>orange</selectedcolor>
              <info>ListItem.Label</info>
            </control>
            <control type="textbox">
              <description>Plot Value for TVShow</description>
              <left>60</left>
              <top>40</top>
              <width>1560</width>
              <height>70</height>
              <font>font13</font>
              <align>justify</align>
              <textcolor>black</textcolor>
              <label>$INFO[ListItem.Plot]</label>
            </control>
            <control type="image">
              <left>970</left>
              <top>10</top>
              <width>30</width>
              <height>20</height>
              <texture>pvr/rec.png</texture>
              <visible>ListItem.IsRecording</visible>
            </control>
            <control type="label">
              <left>1005</left>
              <top>0</top>
              <width>80</width>
              <height>40</height>
              <font>font10</font>
              <align>left</align>
              <aligny>center</aligny>
              <textcolor>black</textcolor>
              <selectedcolor>orange</selectedcolor>
              <label>19043</label>
              <visible>ListItem.IsRecording</visible>
            </control>
            <control type="image">
              <left>970</left>
              <top>10</top>
              <width>20</width>
              <height>20</height>
              <texture>pvr/timer.png</texture>
              <visible>ListItem.HasTimer + !ListItem.IsRecording</visible>
            </control>
            <control type="label">
              <left>1600</left>
              <width>80</width>
              <height>40</height>
              <font>font10</font>
              <align>left</align>
              <aligny>center</aligny>
              <textcolor>black</textcolor>
              <selectedcolor>orange</selectedcolor>
              <label>31510</label>
              <visible>ListItem.HasTimer</visible>
            </control>
          </focusedlayout>
        </control>
      </control>
    </control>
  </controls>
</window>
