<?xml version="1.0" encoding="UTF-8"?>
<window>
    <backgroundcolor>background</backgroundcolor>
    <defaultcontrol always="true">50</defaultcontrol>
    <allowoverlay>no</allowoverlay>
    <views>50</views>
    <include>OpenClose</include>
    <controls>
        <include>BlackBackground</include>
        <control type="image">
            <visible>!Control.IsVisible(53)</visible>
            <visible>!Skin.HasSetting(fanartback)</visible>
            <include>Dimensions_Fullscreen</include>
            <include>Fanart_Fade</include>
            <texture background="true">$INFO[ListItem.Property(fanart_image)]</texture>
            <colordiffuse>10ffffff</colordiffuse>
            <aspectratio>stretch</aspectratio>
        </control>
        <control type="label" description="Heading">
            <visible>!Control.IsVisible(53)</visible>
            <include>Heading</include>
            <label>$VAR[RootLabel][COLOR=dimgray]$INFO[Container.NumItems,  (,)][/COLOR]</label>
        </control>
        <!--VIEWS-->
        <control type="group">
            <animation effect="fade" time="0">WindowClose</animation>
            <include>biglist</include>
            <include>icons</include>
            <include>banners</include>
            <include>widelist</include>
        </control>
        <!--VIEWS-->
        <control type="group" description="Side menu 9000 group">
            <visible allowhiddenfocus="true">ControlGroup(9000).HasFocus()</visible>
            <include>DialogOpenCloseVisible</include>
            <control type="image" description="List back">
                <centerleft>960</centerleft>
                <centertop>540</centertop>
                <width>802</width>
                <height>906</height>
                <aspectratio>stretch</aspectratio>
                <texture border="50">images/ContextMenu.png</texture>
                <colordiffuse>dialog</colordiffuse>
            </control>
            <control type="grouplist" id="9000">
                <height>878</height>
                <align>center</align>
                <include>DialogGLs</include>
                <control type="button" id="2" description="Views">
                    <include>DialogButt</include>
                </control>
                <control type="togglebutton" id="14" description="Toggle Watched">
                    <include>DialogButt</include>
                    <label>$LOCALIZE[535]: $LOCALIZE[16100]</label>
                    <altlabel>$LOCALIZE[535]: $LOCALIZE[16101]</altlabel>
                </control>
                <control type="radiobutton" id="98" description="Filter">
                    <enable>Container.CanFilterAdvanced</enable>
                    <include>DialogButt</include>
                    <onclick>Filter</onclick>
                    <label>587</label>
                </control>
                <control type="button" id="3" description="Sort">
                    <include>DialogButt</include>
                </control>
                <control type="togglebutton" id="4" description="SortOrder">
                    <include>DialogButt</include>
                    <label>584</label>
                    <altlabel>585</altlabel>
                    <usealttexture>Container.SortDirection(Ascending)</usealttexture>
                </control>
                <control type="button" id="8" description="search">
                    <include>DialogButt</include>
                    <label>137</label>
                </control>
                <control type="button" id="698" description="Browse files">
                    <include>DialogButt</include>
                    <label>$LOCALIZE[1024] $LOCALIZE[744]</label>
                    <onclick>ActivateWindow(Videos,files)</onclick>
                </control>
                <control type="togglebutton" id="699" description="Playing">
                    <enable>Player.HasMedia</enable>
                    <include>DialogButt</include>
                    <label>$LOCALIZE[16003]</label>
                    <altlabel>$LOCALIZE[31055]</altlabel>
                    <usealttexture>Player.HasMedia</usealttexture>
                    <onclick>fullscreen</onclick>
                    <altclick>fullscreen</altclick>
                </control>
                <control type="togglebutton" id="20">
                    <description>Update library</description>
                    <include>DialogButt</include>
                    <label>653</label>
                    <altlabel>13353</altlabel>
                    <usealttexture>library.isscanningvideo</usealttexture>
                </control>
                <control type="button" id="598">
                    <include>DialogButt</include>
                    <label>Artwork</label>
                    <onclick condition="!system.hasaddon(script.artwork.downloader)">InstallAddon(script.artwork.downloader)</onclick>
                    <onclick condition="Container.Content(tvshows)">XBMC.RunScript(script.artwork.downloader, mode=custom, mediatype=tvshow, clearlogo)</onclick>
                    <onclick condition="Container.Content(movies)">XBMC.RunScript(script.artwork.downloader, mode=custom, mediatype=movie, clearlogo)</onclick>
                    <onclick condition="Container.Content(musicvideos)">XBMC.RunScript(script.artwork.downloader, mode=custom, mediatype=musicvideos, clearlogo)</onclick>
                    <visible>[Container.Content(tvshows)|Container.Content(movies)|Container.Content(musicvideos)]</visible>
                    <onclick>right</onclick>
                </control>
            </control>
        </control>
        <include>WindowsTopInfos</include>
    </controls>
</window>
