<?xml version="1.0" encoding="UTF-8"?>
<window id="1">
  <backgroundcolor>background</backgroundcolor>
  <defaultcontrol always="true">50</defaultcontrol>
  <allowoverlay>no</allowoverlay>
  <controls>
    <include>BlackBackground</include>
    <include>Programviews</include>
    <control type="group" description="Side menu 9000 group">
      <visible allowhiddenfocus="true">ControlGroup(9000).HasFocus()</visible>
      <include>DialogOpenCloseVisible</include>
      <control type="image" description="List back">
        <centerleft>960</centerleft>
        <centertop>540</centertop>
        <width>802</width>
        <height>506</height>
        <aspectratio>stretch</aspectratio>
        <texture border="50">images/ContextMenu.png</texture>
        <colordiffuse>dialog</colordiffuse>
      </control>
      <control type="grouplist" id="9000">
        <height>678</height>
        <align>center</align>
        <include>DialogGLs</include>
        <control type="button" id="2" description="Views">
          <include>DialogButt</include>
        </control>
        <control type="button" id="3" description="Sort">
          <include>DialogButt</include>
        </control>
        <control type="togglebutton" id="4" description="SortMode">
          <alttexturenofocus>-</alttexturenofocus>
          <include>DialogButt</include>
          <label>$LOCALIZE[21430]</label>
          <altlabel>$LOCALIZE[21431]</altlabel>
        </control>
      </control>
    </control>
    <control type="label" description="Heading">
      <visible>!Control.IsVisible(53)</visible>
      <include>Heading</include>
      <label>$VAR[RootLabel][COLOR=gray]$INFO[Container.NumItems,  (,)][/COLOR]</label>
    </control>
  </controls>
</window>
