<?xml version="1.0" encoding="UTF-8" standalone="yes"?>
<addon id="repository.fastcolors" name="fastcolors" version="3.0.1" provider-name="fastcolors">
    <extension point="xbmc.addon.repository" name="Fastcolors Repository">
        <dir>
            <info compressed="false">https://raw.githubusercontent.com/fastcolors/repository.fastcolors/master/repo/zips/addons.xml</info>
            <checksum>https://raw.githubusercontent.com/fastcolors/repository.fastcolors/master/repo/zips/addons.xml.md5</checksum>
            <datadir zip="true">https://raw.githubusercontent.com/fastcolors/repository.fastcolors/master/repo/zips/</datadir>
        </dir>
    </extension>
    <extension point="xbmc.addon.metadata">
        <summary>fastcolors</summary>
        <description>DESCRIPTION OF YOUR REPO HERE</description>
        <disclaimer></disclaimer>
        <platform>all</platform>
        <assets>
            <icon>icon.png</icon>
            <fanart>fanart.jpg</fanart>
        </assets>
    </extension>
</addon>
